split,image,class_id,w_norm,h_norm,w_px,h_px,min_wh_threshold,line
train2,100_1364.jpg,0,0.009766,0.045898,10.0,47.0,0.015,0 0.995117 0.749512 0.009766 0.045898
train2,100_2003.jpg,0,0.045898,0.014648,47.0,15.0,0.015,0 0.433105 0.883301 0.045898 0.014648
train2,100_6993.jpg,0,0.011719,0.038086,12.0,39.0,0.015,0 0.994141 0.896973 0.011719 0.038086
train2,100_7431.jpg,0,0.014648,0.035156,15.0,36.0,0.015,0 0.007324 0.093750 0.014648 0.035156
train2,101_2014.jpg,0,0.046875,0.014648,48.0,15.0,0.015,0 0.470703 0.882324 0.046875 0.014648
train2,101_7259.jpg,0,0.038086,0.011719,39.0,12.0,0.015,0 0.371582 0.886719 0.038086 0.011719
train2,102_2160.jpg,0,0.032227,0.006836,33.0,7.0,0.015,0 0.183105 0.898926 0.032227 0.006836
train2,102_2193.jpg,0,0.033203,0.009766,34.0,10.0,0.015,0 0.162109 0.899414 0.033203 0.009766
train2,103_3628.jpg,0,0.012695,0.034180,13.0,35.0,0.015,0 0.993652 0.675293 0.012695 0.034180
train2,104_1585.jpg,0,0.013672,0.048828,14.0,50.0,0.015,0 0.013672 0.661133 0.013672 0.048828
train2,104_1645.jpg,0,0.012695,0.051758,13.0,53.0,0.015,0 0.014160 0.637207 0.012695 0.051758
train2,104_812.jpg,0,0.003906,0.030273,4.0,31.0,0.015,0 0.002930 0.233887 0.003906 0.030273
train2,104_982.jpg,0,0.013672,0.041016,14.0,42.0,0.015,0 0.993164 0.732422 0.013672 0.041016
train2,105_1146.jpg,0,0.013672,0.042969,14.0,44.0,0.015,0 0.993164 0.211914 0.013672 0.042969
train2,105_3270.jpg,0,0.049805,0.006836,51.0,7.0,0.015,0 0.758301 0.895020 0.049805 0.006836
train2,105_3270.jpg,0,0.046875,0.004883,48.0,5.0,0.015,0 0.633789 0.890137 0.046875 0.004883
train2,105_5944.jpg,0,0.014648,0.047852,15.0,49.0,0.015,0 0.007324 0.818848 0.014648 0.047852
train2,106_3993.jpg,0,0.010742,0.041016,11.0,42.0,0.015,0 0.012207 0.668945 0.010742 0.041016
train2,106_6135.jpg,0,0.007812,0.045898,8.0,47.0,0.015,0 0.003906 0.178223 0.007812 0.045898
train2,106_7938.jpg,0,0.043945,0.005859,45.0,6.0,0.015,0 0.546387 0.886719 0.043945 0.005859
train2,111_2548.jpg,0,0.013672,0.040039,14.0,41.0,0.015,0 0.006836 0.093262 0.013672 0.040039
train2,112_2995.jpg,0,0.010742,0.034180,11.0,35.0,0.015,0 0.014160 0.631348 0.010742 0.034180
train2,117_5806.jpg,0,0.005859,0.050781,6.0,52.0,0.015,0 0.997070 0.305664 0.005859 0.050781
train2,118_5802.jpg,0,0.007812,0.045898,8.0,47.0,0.015,0 0.996094 0.351074 0.007812 0.045898
train2,119_1050.jpg,0,0.012695,0.038086,13.0,39.0,0.015,0 0.993652 0.308105 0.012695 0.038086
train2,119_7027.jpg,0,0.043945,0.007812,45.0,8.0,0.015,0 0.433105 0.886719 0.043945 0.007812
train2,120_3116.jpg,0,0.013672,0.040039,14.0,41.0,0.015,0 0.993164 0.126465 0.013672 0.040039
train2,121_3140.jpg,0,0.012695,0.041016,13.0,42.0,0.015,0 0.993652 0.145508 0.012695 0.041016
train2,122_5175.jpg,0,0.050781,0.013672,52.0,14.0,0.015,0 0.365234 0.885742 0.050781 0.013672
train2,122_9947.jpg,0,0.055664,0.011719,57.0,12.0,0.015,0 0.196777 0.896484 0.055664 0.011719
train2,123_10161.jpg,0,0.050781,0.010742,52.0,11.0,0.015,0 0.577148 0.885254 0.050781 0.010742
train2,123_3238.jpg,0,0.012695,0.044922,13.0,46.0,0.015,0 0.993652 0.130859 0.012695 0.044922
train2,123_5666.jpg,0,0.044922,0.014648,46.0,15.0,0.015,0 0.676758 0.887207 0.044922 0.014648
train2,129_3390.jpg,0,0.030273,0.010742,31.0,11.0,0.015,0 0.016113 0.911621 0.030273 0.010742
train2,129_3390.jpg,0,0.047852,0.014648,49.0,15.0,0.015,0 0.098145 0.902832 0.047852 0.014648
train2,130_1443.jpg,0,0.011719,0.054688,12.0,56.0,0.015,0 0.411133 0.126953 0.011719 0.054688
train2,131_1511.jpg,0,0.004883,0.043945,5.0,45.0,0.015,0 0.320801 0.118652 0.004883 0.043945
train2,131_1523.jpg,0,0.007812,0.037109,8.0,38.0,0.015,0 0.319336 0.115234 0.007812 0.037109
train2,132_246.jpg,0,0.063477,0.008789,65.0,9.0,0.015,0 0.711426 0.892090 0.063477 0.008789
train2,132_256.jpg,0,0.031250,0.005859,32.0,6.0,0.015,0 0.749023 0.894531 0.031250 0.005859
train2,132_363.jpg,0,0.055664,0.002930,57.0,3.0,0.015,0 0.764160 0.896973 0.055664 0.002930
train2,132_373.jpg,0,0.055664,0.003906,57.0,4.0,0.015,0 0.781738 0.898438 0.055664 0.003906
train2,132_373.jpg,0,0.036133,0.002930,37.0,3.0,0.015,0 0.818848 0.900879 0.036133 0.002930
train2,132_373.jpg,0,0.031250,0.005859,32.0,6.0,0.015,0 0.753906 0.894531 0.031250 0.005859
train2,132_376.jpg,0,0.055664,0.001953,57.0,2.0,0.015,0 0.813965 0.899414 0.055664 0.001953
train2,132_376.jpg,0,0.031250,0.008789,32.0,9.0,0.015,0 0.758789 0.894043 0.031250 0.008789
train2,134_1452.jpg,0,0.035156,0.006836,36.0,7.0,0.015,0 0.464844 0.886230 0.035156 0.006836
train2,134_328.jpg,0,0.035156,0.012695,36.0,13.0,0.015,0 0.178711 0.896973 0.035156 0.012695
train2,135_1516.jpg,0,0.022461,0.001953,23.0,2.0,0.015,0 0.562988 0.889648 0.022461 0.001953
train2,135_2017.jpg,0,0.054688,0.000977,56.0,1.0,0.015,0 0.996094 0.913574 0.054688 0.000977
train2,135_2021.jpg,0,0.060547,0.010742,62.0,11.0,0.015,0 0.916016 0.905762 0.060547 0.010742
train2,135_2071.jpg,0,0.057617,0.010742,59.0,11.0,0.015,0 0.571777 0.885254 0.057617 0.010742
train2,136_346.jpg,0,0.034180,0.005859,35.0,6.0,0.015,0 0.320801 0.891602 0.034180 0.005859
train2,137_1732.jpg,0,0.000977,0.053711,1.0,55.0,0.015,0 0.999512 0.880371 0.000977 0.053711
train2,137_1742.jpg,0,0.011719,0.053711,12.0,55.0,0.015,0 0.994141 0.840332 0.011719 0.053711
train2,137_1782.jpg,0,0.014648,0.019531,15.0,20.0,0.015,0 0.992676 0.646484 0.014648 0.019531
train2,137_1782.jpg,0,0.012695,0.021484,13.0,22.0,0.015,0 0.993652 0.658203 0.012695 0.021484
train2,137_1992.jpg,0,0.004883,0.038086,5.0,39.0,0.015,0 0.997559 0.153809 0.004883 0.038086
train2,137_289.jpg,0,0.026367,0.012695,27.0,13.0,0.015,0 0.155762 0.897949 0.026367 0.012695
train2,137_329.jpg,0,0.020508,0.010742,21.0,11.0,0.015,0 0.269043 0.891113 0.020508 0.010742
train2,137_329.jpg,0,0.026367,0.004883,27.0,5.0,0.015,0 0.244629 0.895996 0.026367 0.004883
train2,137_349.jpg,0,0.029297,0.007812,30.0,8.0,0.015,0 0.345703 0.889648 0.029297 0.007812
train2,137_381.jpg,0,0.049805,0.014648,51.0,15.0,0.015,0 0.249512 0.891113 0.049805 0.014648
train2,138_1783.jpg,0,0.034180,0.005859,35.0,6.0,0.015,0 0.564941 0.887695 0.034180 0.005859
train2,138_1783.jpg,0,0.040039,0.001953,41.0,2.0,0.015,0 0.999512 0.915039 0.040039 0.001953
train2,138_1793.jpg,0,0.030273,0.010742,31.0,11.0,0.015,0 0.889160 0.902832 0.030273 0.010742
train2,138_1793.jpg,0,0.009766,0.013672,10.0,14.0,0.015,0 0.995117 0.909180 0.009766 0.013672
train2,138_1793.jpg,0,0.028320,0.005859,29.0,6.0,0.015,0 0.980957 0.913086 0.028320 0.005859
train2,138_1803.jpg,0,0.017578,0.010742,18.0,11.0,0.015,0 0.920898 0.904785 0.017578 0.010742
train2,138_1803.jpg,0,0.017578,0.013672,18.0,14.0,0.015,0 0.935547 0.904297 0.017578 0.013672
train2,138_1813.jpg,0,0.005859,0.030273,6.0,31.0,0.015,0 0.997070 0.833496 0.005859 0.030273
train2,138_1983.jpg,0,0.010742,0.016602,11.0,17.0,0.015,0 0.994629 0.152832 0.010742 0.016602
train2,138_348.jpg,0,0.021484,0.013672,22.0,14.0,0.015,0 0.210938 0.893555 0.021484 0.013672
train2,138_348.jpg,0,0.032227,0.013672,33.0,14.0,0.015,0 0.194824 0.894531 0.032227 0.013672
train2,138_53.jpg,0,0.013672,0.031250,14.0,32.0,0.015,0 0.009766 0.259766 0.013672 0.031250
train2,138_69.jpg,0,0.008789,0.064453,9.0,66.0,0.015,0 0.004395 0.221680 0.008789 0.064453
train2,138_80.jpg,0,0.011719,0.042969,12.0,44.0,0.015,0 0.007812 0.252930 0.011719 0.042969
train2,139_1741.jpg,0,0.038086,0.012695,39.0,13.0,0.015,0 0.947754 0.906738 0.038086 0.012695
train2,139_1931.jpg,0,0.010742,0.034180,11.0,35.0,0.015,0 0.994629 0.121582 0.010742 0.034180
train2,139_1931.jpg,0,0.002930,0.038086,3.0,39.0,0.015,0 0.998535 0.159668 0.002930 0.038086
train2,139_234.jpg,0,0.023438,0.014648,24.0,15.0,0.015,0 0.243164 0.559082 0.023438 0.014648
train2,139_264.jpg,0,0.023438,0.014648,24.0,15.0,0.015,0 0.218750 0.676270 0.023438 0.014648
train2,139_294.jpg,0,0.023438,0.014648,24.0,15.0,0.015,0 0.191406 0.785645 0.023438 0.014648
train2,139_324.jpg,0,0.036133,0.012695,37.0,13.0,0.015,0 0.136230 0.899902 0.036133 0.012695
train2,139_324.jpg,0,0.023438,0.014648,24.0,15.0,0.015,0 0.168945 0.894043 0.023438 0.014648
train2,139_324.jpg,0,0.023438,0.002930,24.0,3.0,0.015,0 0.161133 0.902832 0.023438 0.002930
train2,139_354.jpg,0,0.015625,0.001953,16.0,2.0,0.015,0 0.184570 0.901367 0.015625 0.001953
train2,139_84.jpg,0,0.014648,0.049805,15.0,51.0,0.015,0 0.007324 0.190918 0.014648 0.049805
train2,139_84.jpg,0,0.005859,0.050781,6.0,52.0,0.015,0 0.003906 0.239258 0.005859 0.050781
train2,139_84.jpg,0,0.002930,0.021484,3.0,22.0,0.015,0 0.001465 0.214844 0.002930 0.021484
train2,139_94.jpg,0,0.005859,0.035156,6.0,36.0,0.015,0 0.002930 0.225586 0.005859 0.035156
train2,140_1008.jpg,0,0.013672,0.019531,14.0,20.0,0.015,0 0.297852 0.673828 0.013672 0.019531
train2,140_1008.jpg,0,0.014648,0.018555,15.0,19.0,0.015,0 0.294434 0.689941 0.014648 0.018555
train2,140_1018.jpg,0,0.013672,0.019531,14.0,20.0,0.015,0 0.323242 0.651367 0.013672 0.019531
train2,140_1018.jpg,0,0.014648,0.018555,15.0,19.0,0.015,0 0.319824 0.667480 0.014648 0.018555
train2,140_1028.jpg,0,0.013672,0.019531,14.0,20.0,0.015,0 0.347656 0.619141 0.013672 0.019531
train2,140_1028.jpg,0,0.014648,0.018555,15.0,19.0,0.015,0 0.343262 0.637207 0.014648 0.018555
train2,140_1038.jpg,0,0.013672,0.019531,14.0,20.0,0.015,0 0.366211 0.589844 0.013672 0.019531
train2,140_1038.jpg,0,0.014648,0.018555,15.0,19.0,0.015,0 0.363770 0.606934 0.014648 0.018555
train2,140_1048.jpg,0,0.011719,0.019531,12.0,20.0,0.015,0 0.383789 0.559570 0.011719 0.019531
train2,140_1048.jpg,0,0.014648,0.018555,15.0,19.0,0.015,0 0.379395 0.574707 0.014648 0.018555
train2,140_1058.jpg,0,0.011719,0.019531,12.0,20.0,0.015,0 0.401367 0.519531 0.011719 0.019531
train2,140_1058.jpg,0,0.014648,0.018555,15.0,19.0,0.015,0 0.396973 0.534668 0.014648 0.018555
train2,140_1068.jpg,0,0.011719,0.019531,12.0,20.0,0.015,0 0.414062 0.482422 0.011719 0.019531
train2,140_1068.jpg,0,0.014648,0.018555,15.0,19.0,0.015,0 0.409668 0.497559 0.014648 0.018555
train2,140_1078.jpg,0,0.011719,0.019531,12.0,20.0,0.015,0 0.419922 0.445312 0.011719 0.019531
train2,140_1078.jpg,0,0.014648,0.018555,15.0,19.0,0.015,0 0.415527 0.460449 0.014648 0.018555
train2,140_1088.jpg,0,0.011719,0.019531,12.0,20.0,0.015,0 0.425781 0.405273 0.011719 0.019531
train2,140_1088.jpg,0,0.014648,0.018555,15.0,19.0,0.015,0 0.417480 0.422363 0.014648 0.018555
train2,140_1098.jpg,0,0.011719,0.019531,12.0,20.0,0.015,0 0.425781 0.368164 0.011719 0.019531
train2,140_1098.jpg,0,0.014648,0.018555,15.0,19.0,0.015,0 0.418457 0.388184 0.014648 0.018555
train2,140_1108.jpg,0,0.011719,0.019531,12.0,20.0,0.015,0 0.427734 0.325195 0.011719 0.019531
train2,140_1108.jpg,0,0.014648,0.018555,15.0,19.0,0.015,0 0.417480 0.348145 0.014648 0.018555
train2,140_1118.jpg,0,0.011719,0.019531,12.0,20.0,0.015,0 0.424805 0.288086 0.011719 0.019531
train2,140_1118.jpg,0,0.014648,0.018555,15.0,19.0,0.015,0 0.414551 0.311035 0.014648 0.018555
train2,140_1128.jpg,0,0.011719,0.019531,12.0,20.0,0.015,0 0.421875 0.251953 0.011719 0.019531
train2,140_1128.jpg,0,0.014648,0.018555,15.0,19.0,0.015,0 0.411621 0.274902 0.014648 0.018555
train2,140_1138.jpg,0,0.011719,0.019531,12.0,20.0,0.015,0 0.414062 0.208984 0.011719 0.019531
train2,140_1138.jpg,0,0.014648,0.018555,15.0,19.0,0.015,0 0.403809 0.231934 0.014648 0.018555
train2,140_1148.jpg,0,0.011719,0.019531,12.0,20.0,0.015,0 0.405273 0.170898 0.011719 0.019531
train2,140_1148.jpg,0,0.014648,0.018555,15.0,19.0,0.015,0 0.395020 0.189941 0.014648 0.018555
train2,140_1158.jpg,0,0.011719,0.019531,12.0,20.0,0.015,0 0.399414 0.137695 0.011719 0.019531
train2,140_1158.jpg,0,0.014648,0.018555,15.0,19.0,0.015,0 0.389160 0.156738 0.014648 0.018555
train2,140_1168.jpg,0,0.011719,0.019531,12.0,20.0,0.015,0 0.387695 0.109375 0.011719 0.019531
train2,140_1168.jpg,0,0.014648,0.018555,15.0,19.0,0.015,0 0.377441 0.115723 0.014648 0.018555
train2,140_1903.jpg,0,0.010742,0.052734,11.0,54.0,0.015,0 0.994629 0.269531 0.010742 0.052734
train2,140_2273.jpg,0,0.029297,0.012695,30.0,13.0,0.015,0 0.780273 0.893066 0.029297 0.012695
train2,140_2413.jpg,0,0.028320,0.007812,29.0,8.0,0.015,0 0.470215 0.885742 0.028320 0.007812
train2,140_2413.jpg,0,0.037109,0.014648,38.0,15.0,0.015,0 0.492188 0.882324 0.037109 0.014648
train2,140_2419.jpg,0,0.043945,0.014648,45.0,15.0,0.015,0 0.458496 0.883301 0.043945 0.014648
train2,140_2483.jpg,0,0.014648,0.019531,15.0,20.0,0.015,0 0.148926 0.095703 0.014648 0.019531
train2,140_2487.jpg,0,0.009766,0.019531,10.0,20.0,0.015,0 0.209961 0.100586 0.009766 0.019531
train2,140_2487.jpg,0,0.014648,0.022461,15.0,23.0,0.015,0 0.188965 0.100098 0.014648 0.022461
train2,140_2487.jpg,0,0.014648,0.019531,15.0,20.0,0.015,0 0.146973 0.101562 0.014648 0.019531
train2,140_2487.jpg,0,0.014648,0.017578,15.0,18.0,0.015,0 0.148926 0.094727 0.014648 0.017578
train2,140_2497.jpg,0,0.014648,0.022461,15.0,23.0,0.015,0 0.184082 0.126465 0.014648 0.022461
train2,140_2497.jpg,0,0.014648,0.019531,15.0,20.0,0.015,0 0.142090 0.134766 0.014648 0.019531
train2,140_2497.jpg,0,0.014648,0.017578,15.0,18.0,0.015,0 0.144043 0.119141 0.014648 0.017578
train2,140_2507.jpg,0,0.014648,0.022461,15.0,23.0,0.015,0 0.180176 0.163574 0.014648 0.022461
train2,140_2507.jpg,0,0.014648,0.019531,15.0,20.0,0.015,0 0.138184 0.171875 0.014648 0.019531
train2,140_2507.jpg,0,0.014648,0.017578,15.0,18.0,0.015,0 0.140137 0.156250 0.014648 0.017578
train2,140_2517.jpg,0,0.014648,0.022461,15.0,23.0,0.015,0 0.178223 0.202637 0.014648 0.022461
train2,140_2517.jpg,0,0.014648,0.019531,15.0,20.0,0.015,0 0.136230 0.210938 0.014648 0.019531
train2,140_2517.jpg,0,0.014648,0.017578,15.0,18.0,0.015,0 0.138184 0.195312 0.014648 0.017578
train2,140_2527.jpg,0,0.014648,0.022461,15.0,23.0,0.015,0 0.172363 0.240723 0.014648 0.022461
train2,140_2527.jpg,0,0.014648,0.019531,15.0,20.0,0.015,0 0.134277 0.249023 0.014648 0.019531
train2,140_2527.jpg,0,0.014648,0.017578,15.0,18.0,0.015,0 0.136230 0.233398 0.014648 0.017578
train2,140_2537.jpg,0,0.014648,0.022461,15.0,23.0,0.015,0 0.167480 0.277832 0.014648 0.022461
train2,140_2537.jpg,0,0.014648,0.019531,15.0,20.0,0.015,0 0.134277 0.285156 0.014648 0.019531
train2,140_2537.jpg,0,0.014648,0.017578,15.0,18.0,0.015,0 0.134277 0.269531 0.014648 0.017578
train2,140_2547.jpg,0,0.014648,0.022461,15.0,23.0,0.015,0 0.169434 0.323730 0.014648 0.022461
train2,140_2547.jpg,0,0.014648,0.019531,15.0,20.0,0.015,0 0.135254 0.325195 0.014648 0.019531
train2,140_2547.jpg,0,0.014648,0.017578,15.0,18.0,0.015,0 0.137207 0.310547 0.014648 0.017578
train2,140_2548.jpg,0,0.014648,0.022461,15.0,23.0,0.015,0 0.166504 0.323730 0.014648 0.022461
train2,140_2548.jpg,0,0.014648,0.019531,15.0,20.0,0.015,0 0.133301 0.324219 0.014648 0.019531
train2,140_2548.jpg,0,0.014648,0.017578,15.0,18.0,0.015,0 0.136230 0.314453 0.014648 0.017578
train2,140_2557.jpg,0,0.014648,0.022461,15.0,23.0,0.015,0 0.171387 0.362793 0.014648 0.022461
train2,140_2557.jpg,0,0.014648,0.019531,15.0,20.0,0.015,0 0.137207 0.364258 0.014648 0.019531
train2,140_2557.jpg,0,0.014648,0.017578,15.0,18.0,0.015,0 0.139160 0.349609 0.014648 0.017578
train2,140_2567.jpg,0,0.014648,0.022461,15.0,23.0,0.015,0 0.174316 0.400879 0.014648 0.022461
train2,140_2567.jpg,0,0.014648,0.019531,15.0,20.0,0.015,0 0.141113 0.402344 0.014648 0.019531
train2,140_2567.jpg,0,0.014648,0.017578,15.0,18.0,0.015,0 0.141113 0.386719 0.014648 0.017578
train2,140_2577.jpg,0,0.014648,0.022461,15.0,23.0,0.015,0 0.179199 0.441895 0.014648 0.022461
train2,140_2577.jpg,0,0.014648,0.019531,15.0,20.0,0.015,0 0.146973 0.443359 0.014648 0.019531
train2,140_2577.jpg,0,0.014648,0.017578,15.0,18.0,0.015,0 0.146973 0.427734 0.014648 0.017578
train2,140_2578.jpg,0,0.014648,0.019531,15.0,20.0,0.015,0 0.146973 0.444336 0.014648 0.019531
train2,140_2587.jpg,0,0.014648,0.022461,15.0,23.0,0.015,0 0.183105 0.477051 0.014648 0.022461
train2,140_2587.jpg,0,0.014648,0.019531,15.0,20.0,0.015,0 0.152832 0.478516 0.014648 0.019531
train2,140_2587.jpg,0,0.014648,0.017578,15.0,18.0,0.015,0 0.154785 0.460938 0.014648 0.017578
train2,140_2597.jpg,0,0.014648,0.022461,15.0,23.0,0.015,0 0.194824 0.510254 0.014648 0.022461
train2,140_2597.jpg,0,0.014648,0.019531,15.0,20.0,0.015,0 0.160645 0.513672 0.014648 0.019531
train2,140_2597.jpg,0,0.014648,0.017578,15.0,18.0,0.015,0 0.164551 0.497070 0.014648 0.017578
train2,140_2607.jpg,0,0.014648,0.022461,15.0,23.0,0.015,0 0.203613 0.551270 0.014648 0.022461
train2,140_2607.jpg,0,0.014648,0.019531,15.0,20.0,0.015,0 0.171387 0.553711 0.014648 0.019531
train2,140_2607.jpg,0,0.014648,0.017578,15.0,18.0,0.015,0 0.173340 0.536133 0.014648 0.017578
train2,140_2617.jpg,0,0.014648,0.022461,15.0,23.0,0.015,0 0.216309 0.585449 0.014648 0.022461
train2,140_2617.jpg,0,0.014648,0.019531,15.0,20.0,0.015,0 0.185059 0.584961 0.014648 0.019531
train2,140_2617.jpg,0,0.014648,0.017578,15.0,18.0,0.015,0 0.184082 0.570312 0.014648 0.017578
train2,140_2627.jpg,0,0.014648,0.022461,15.0,23.0,0.015,0 0.229004 0.618652 0.014648 0.022461
train2,140_2627.jpg,0,0.014648,0.019531,15.0,20.0,0.015,0 0.197754 0.618164 0.014648 0.019531
train2,140_2627.jpg,0,0.014648,0.017578,15.0,18.0,0.015,0 0.196777 0.603516 0.014648 0.017578
train2,140_2637.jpg,0,0.014648,0.022461,15.0,23.0,0.015,0 0.247559 0.651855 0.014648 0.022461
train2,140_2637.jpg,0,0.014648,0.019531,15.0,20.0,0.015,0 0.216309 0.654297 0.014648 0.019531
train2,140_2637.jpg,0,0.014648,0.017578,15.0,18.0,0.015,0 0.218262 0.637695 0.014648 0.017578
train2,140_2647.jpg,0,0.014648,0.022461,15.0,23.0,0.015,0 0.264160 0.685059 0.014648 0.022461
train2,140_2647.jpg,0,0.014648,0.019531,15.0,20.0,0.015,0 0.234863 0.687500 0.014648 0.019531
train2,140_2647.jpg,0,0.014648,0.017578,15.0,18.0,0.015,0 0.237793 0.668945 0.014648 0.017578
train2,140_2657.jpg,0,0.014648,0.022461,15.0,23.0,0.015,0 0.283691 0.717285 0.014648 0.022461
train2,140_2657.jpg,0,0.014648,0.019531,15.0,20.0,0.015,0 0.254395 0.719727 0.014648 0.019531
train2,140_2657.jpg,0,0.014648,0.017578,15.0,18.0,0.015,0 0.257324 0.701172 0.014648 0.017578
train2,140_2667.jpg,0,0.014648,0.022461,15.0,23.0,0.015,0 0.313965 0.745605 0.014648 0.022461
train2,140_2667.jpg,0,0.014648,0.019531,15.0,20.0,0.015,0 0.281738 0.750977 0.014648 0.019531
train2,140_2667.jpg,0,0.014648,0.017578,15.0,18.0,0.015,0 0.285645 0.738281 0.014648 0.017578
train2,140_2677.jpg,0,0.014648,0.019531,15.0,20.0,0.015,0 0.306152 0.777344 0.014648 0.019531
train2,140_2677.jpg,0,0.014648,0.017578,15.0,18.0,0.015,0 0.313965 0.759766 0.014648 0.017578
train2,140_2687.jpg,0,0.014648,0.019531,15.0,20.0,0.015,0 0.336426 0.796875 0.014648 0.019531
train2,140_2687.jpg,0,0.014648,0.017578,15.0,18.0,0.015,0 0.342285 0.780273 0.014648 0.017578
train2,140_2697.jpg,0,0.014648,0.019531,15.0,20.0,0.015,0 0.368652 0.820312 0.014648 0.019531
train2,140_2697.jpg,0,0.014648,0.017578,15.0,18.0,0.015,0 0.378418 0.803711 0.014648 0.017578
train2,140_2707.jpg,0,0.014648,0.019531,15.0,20.0,0.015,0 0.406738 0.834961 0.014648 0.019531
train2,140_2707.jpg,0,0.014648,0.017578,15.0,18.0,0.015,0 0.415527 0.818359 0.014648 0.017578
train2,140_2717.jpg,0,0.014648,0.019531,15.0,20.0,0.015,0 0.445801 0.844727 0.014648 0.019531
train2,140_2717.jpg,0,0.014648,0.017578,15.0,18.0,0.015,0 0.457520 0.830078 0.014648 0.017578
train2,140_2727.jpg,0,0.014648,0.019531,15.0,20.0,0.015,0 0.493652 0.848633 0.014648 0.019531
train2,140_2727.jpg,0,0.014648,0.017578,15.0,18.0,0.015,0 0.502441 0.833984 0.014648 0.017578
train2,140_2737.jpg,0,0.014648,0.019531,15.0,20.0,0.015,0 0.534668 0.846680 0.014648 0.019531
train2,140_2737.jpg,0,0.014648,0.017578,15.0,18.0,0.015,0 0.543457 0.832031 0.014648 0.017578
train2,140_2747.jpg,0,0.014648,0.019531,15.0,20.0,0.015,0 0.569824 0.844727 0.014648 0.019531
train2,140_2747.jpg,0,0.014648,0.017578,15.0,18.0,0.015,0 0.579590 0.833008 0.014648 0.017578
train2,140_2757.jpg,0,0.014648,0.019531,15.0,20.0,0.015,0 0.605957 0.834961 0.014648 0.019531
train2,140_2757.jpg,0,0.014648,0.017578,15.0,18.0,0.015,0 0.615723 0.817383 0.014648 0.017578
train2,140_2767.jpg,0,0.014648,0.019531,15.0,20.0,0.015,0 0.636230 0.822266 0.014648 0.019531
train2,140_2767.jpg,0,0.014648,0.017578,15.0,18.0,0.015,0 0.648926 0.806641 0.014648 0.017578
train2,140_2777.jpg,0,0.014648,0.019531,15.0,20.0,0.015,0 0.667480 0.805664 0.014648 0.019531
train2,140_2777.jpg,0,0.014648,0.017578,15.0,18.0,0.015,0 0.677246 0.791992 0.014648 0.017578
train2,140_2787.jpg,0,0.014648,0.019531,15.0,20.0,0.015,0 0.697754 0.782227 0.014648 0.019531
train2,140_2787.jpg,0,0.014648,0.017578,15.0,18.0,0.015,0 0.707520 0.765625 0.014648 0.017578
train2,140_2797.jpg,0,0.014648,0.019531,15.0,20.0,0.015,0 0.721191 0.755859 0.014648 0.019531
train2,140_2797.jpg,0,0.014648,0.017578,15.0,18.0,0.015,0 0.730957 0.741211 0.014648 0.017578
train2,140_2807.jpg,0,0.014648,0.019531,15.0,20.0,0.015,0 0.743652 0.727539 0.014648 0.019531
train2,140_2807.jpg,0,0.014648,0.017578,15.0,18.0,0.015,0 0.753418 0.712891 0.014648 0.017578
train2,140_2817.jpg,0,0.014648,0.019531,15.0,20.0,0.015,0 0.767090 0.695312 0.014648 0.019531
train2,140_2817.jpg,0,0.014648,0.017578,15.0,18.0,0.015,0 0.775879 0.682617 0.014648 0.017578
train2,140_2827.jpg,0,0.014648,0.019531,15.0,20.0,0.015,0 0.786621 0.664062 0.014648 0.019531
train2,140_2827.jpg,0,0.014648,0.017578,15.0,18.0,0.015,0 0.796387 0.653320 0.014648 0.017578
train2,140_2837.jpg,0,0.014648,0.019531,15.0,20.0,0.015,0 0.802246 0.630859 0.014648 0.019531
train2,140_2837.jpg,0,0.014648,0.017578,15.0,18.0,0.015,0 0.810059 0.621094 0.014648 0.017578
train2,140_2847.jpg,0,0.014648,0.019531,15.0,20.0,0.015,0 0.815918 0.596680 0.014648 0.019531
train2,140_2847.jpg,0,0.014648,0.017578,15.0,18.0,0.015,0 0.825684 0.585938 0.014648 0.017578
train2,140_2857.jpg,0,0.014648,0.019531,15.0,20.0,0.015,0 0.828613 0.562500 0.014648 0.019531
train2,140_2857.jpg,0,0.014648,0.017578,15.0,18.0,0.015,0 0.840332 0.550781 0.014648 0.017578
train2,140_2867.jpg,0,0.014648,0.019531,15.0,20.0,0.015,0 0.830566 0.556641 0.014648 0.019531
train2,140_2867.jpg,0,0.014648,0.017578,15.0,18.0,0.015,0 0.842285 0.544922 0.014648 0.017578
train2,140_2871.jpg,0,0.014648,0.019531,15.0,20.0,0.015,0 0.829590 0.556641 0.014648 0.019531
train2,140_2871.jpg,0,0.014648,0.017578,15.0,18.0,0.015,0 0.841309 0.544922 0.014648 0.017578
train2,140_2872.jpg,0,0.014648,0.019531,15.0,20.0,0.015,0 0.857910 0.455078 0.014648 0.019531
train2,140_2872.jpg,0,0.014648,0.017578,15.0,18.0,0.015,0 0.871582 0.443359 0.014648 0.017578
train2,140_2882.jpg,0,0.014648,0.019531,15.0,20.0,0.015,0 0.862793 0.416016 0.014648 0.019531
train2,140_2882.jpg,0,0.014648,0.017578,15.0,18.0,0.015,0 0.876465 0.404297 0.014648 0.017578
train2,140_2892.jpg,0,0.014648,0.019531,15.0,20.0,0.015,0 0.867676 0.381836 0.014648 0.019531
train2,140_2892.jpg,0,0.014648,0.017578,15.0,18.0,0.015,0 0.884277 0.371094 0.014648 0.017578
train2,140_2902.jpg,0,0.014648,0.019531,15.0,20.0,0.015,0 0.870605 0.347656 0.014648 0.019531
train2,140_2902.jpg,0,0.014648,0.017578,15.0,18.0,0.015,0 0.887207 0.336914 0.014648 0.017578
train2,140_2912.jpg,0,0.014648,0.019531,15.0,20.0,0.015,0 0.875488 0.306641 0.014648 0.019531
train2,140_2912.jpg,0,0.014648,0.017578,15.0,18.0,0.015,0 0.892090 0.295898 0.014648 0.017578
train2,140_292.jpg,0,0.036133,0.007812,37.0,8.0,0.015,0 0.018066 0.913086 0.036133 0.007812
train2,140_2922.jpg,0,0.014648,0.019531,15.0,20.0,0.015,0 0.874512 0.267578 0.014648 0.019531
train2,140_2922.jpg,0,0.014648,0.017578,15.0,18.0,0.015,0 0.891113 0.256836 0.014648 0.017578
train2,140_2932.jpg,0,0.014648,0.019531,15.0,20.0,0.015,0 0.874512 0.233398 0.014648 0.019531
train2,140_2932.jpg,0,0.014648,0.017578,15.0,18.0,0.015,0 0.891113 0.222656 0.014648 0.017578
train2,140_2942.jpg,0,0.014648,0.019531,15.0,20.0,0.015,0 0.873535 0.196289 0.014648 0.019531
train2,140_2942.jpg,0,0.014648,0.017578,15.0,18.0,0.015,0 0.886230 0.181641 0.014648 0.017578
train2,140_2952.jpg,0,0.014648,0.019531,15.0,20.0,0.015,0 0.867676 0.157227 0.014648 0.019531
train2,140_2952.jpg,0,0.014648,0.017578,15.0,18.0,0.015,0 0.885254 0.142578 0.014648 0.017578
train2,140_2962.jpg,0,0.014648,0.019531,15.0,20.0,0.015,0 0.862793 0.120117 0.014648 0.019531
train2,140_2962.jpg,0,0.014648,0.017578,15.0,18.0,0.015,0 0.884277 0.104492 0.014648 0.017578
train2,140_2972.jpg,0,0.014648,0.019531,15.0,20.0,0.015,0 0.857910 0.095703 0.014648 0.019531
train2,140_3008.jpg,0,0.050781,0.005859,52.0,6.0,0.015,0 0.888672 0.905273 0.050781 0.005859
train2,140_3658.jpg,0,0.001953,0.029297,2.0,30.0,0.015,0 0.999023 0.351562 0.001953 0.029297
train2,140_4238.jpg,0,0.013672,0.022461,14.0,23.0,0.015,0 0.993164 0.085449 0.013672 0.022461
train2,140_4248.jpg,0,0.041992,0.010742,43.0,11.0,0.015,0 0.932129 0.906738 0.041992 0.010742
train2,140_4278.jpg,0,0.013672,0.022461,14.0,23.0,0.015,0 0.993164 0.221191 0.013672 0.022461
train2,140_4288.jpg,0,0.013672,0.022461,14.0,23.0,0.015,0 0.993164 0.259277 0.013672 0.022461
train2,140_4298.jpg,0,0.014648,0.022461,15.0,23.0,0.015,0 0.992676 0.297363 0.014648 0.022461
train2,140_4308.jpg,0,0.014648,0.022461,15.0,23.0,0.015,0 0.992676 0.342285 0.014648 0.022461
train2,140_4318.jpg,0,0.014648,0.022461,15.0,23.0,0.015,0 0.992676 0.379395 0.014648 0.022461
train2,140_4358.jpg,0,0.011719,0.017578,12.0,18.0,0.015,0 0.994141 0.539062 0.011719 0.017578
train2,140_918.jpg,0,0.009766,0.015625,10.0,16.0,0.015,0 0.006836 0.753906 0.009766 0.015625
train2,140_928.jpg,0,0.013672,0.019531,14.0,20.0,0.015,0 0.028320 0.739258 0.013672 0.019531
train2,140_928.jpg,0,0.014648,0.018555,15.0,19.0,0.015,0 0.023926 0.754395 0.014648 0.018555
train2,140_938.jpg,0,0.013672,0.019531,14.0,20.0,0.015,0 0.066406 0.746094 0.013672 0.019531
train2,140_938.jpg,0,0.014648,0.018555,15.0,19.0,0.015,0 0.062012 0.761230 0.014648 0.018555
train2,140_948.jpg,0,0.013672,0.019531,14.0,20.0,0.015,0 0.103516 0.745117 0.013672 0.019531
train2,140_948.jpg,0,0.014648,0.018555,15.0,19.0,0.015,0 0.099121 0.760254 0.014648 0.018555
train2,140_958.jpg,0,0.013672,0.019531,14.0,20.0,0.015,0 0.135742 0.741211 0.013672 0.019531
train2,140_958.jpg,0,0.014648,0.018555,15.0,19.0,0.015,0 0.131348 0.756348 0.014648 0.018555
train2,140_968.jpg,0,0.013672,0.019531,14.0,20.0,0.015,0 0.173828 0.737305 0.013672 0.019531
train2,140_968.jpg,0,0.014648,0.018555,15.0,19.0,0.015,0 0.169434 0.752441 0.014648 0.018555
train2,140_978.jpg,0,0.013672,0.019531,14.0,20.0,0.015,0 0.206055 0.728516 0.013672 0.019531
train2,140_978.jpg,0,0.014648,0.018555,15.0,19.0,0.015,0 0.201660 0.743652 0.014648 0.018555
train2,140_988.jpg,0,0.013672,0.019531,14.0,20.0,0.015,0 0.237305 0.716797 0.013672 0.019531
train2,140_988.jpg,0,0.014648,0.018555,15.0,19.0,0.015,0 0.232910 0.729004 0.014648 0.018555
train2,140_998.jpg,0,0.013672,0.019531,14.0,20.0,0.015,0 0.271484 0.694336 0.013672 0.019531
train2,140_998.jpg,0,0.014648,0.018555,15.0,19.0,0.015,0 0.268066 0.710449 0.014648 0.018555
train2,141_127.jpg,0,0.002930,0.050781,3.0,52.0,0.015,0 0.001465 0.126953 0.002930 0.050781
train2,141_128.jpg,0,0.014648,0.050781,15.0,52.0,0.015,0 0.007324 0.111328 0.014648 0.050781
train2,141_1623.jpg,0,0.050781,0.004883,52.0,5.0,0.015,0 0.194336 0.899902 0.050781 0.004883
train2,141_1859.jpg,0,0.010742,0.057617,11.0,59.0,0.015,0 0.005371 0.147949 0.010742 0.057617
train2,141_2519.jpg,0,0.040039,0.014648,41.0,15.0,0.015,0 0.837402 0.896973 0.040039 0.014648
train2,141_2969.jpg,0,0.014648,0.041016,15.0,42.0,0.015,0 0.992676 0.271484 0.014648 0.041016
train2,141_2969.jpg,0,0.002930,0.044922,3.0,46.0,0.015,0 0.998535 0.338867 0.002930 0.044922
train2,141_2982.jpg,0,0.011719,0.048828,12.0,50.0,0.015,0 0.994141 0.250977 0.011719 0.048828
train2,141_3805.jpg,0,0.020508,0.000977,21.0,1.0,0.015,0 0.746582 0.895996 0.020508 0.000977
train2,141_3805.jpg,0,0.017578,0.009766,18.0,10.0,0.015,0 0.736328 0.891602 0.017578 0.009766
train2,141_3805.jpg,0,0.021484,0.004883,22.0,5.0,0.015,0 0.724609 0.893066 0.021484 0.004883
train2,142_2010.jpg,0,0.029297,0.005859,30.0,6.0,0.015,0 0.909180 0.906250 0.029297 0.005859
train2,142_2014.jpg,0,0.029297,0.014648,30.0,15.0,0.015,0 0.908203 0.901855 0.029297 0.014648
train2,142_2081.jpg,0,0.032227,0.004883,33.0,5.0,0.015,0 0.721191 0.894043 0.032227 0.004883
train2,142_2085.jpg,0,0.043945,0.012695,45.0,13.0,0.015,0 0.920410 0.904785 0.043945 0.012695
train2,142_2107.jpg,0,0.028320,0.003906,29.0,4.0,0.015,0 0.602051 0.889648 0.028320 0.003906
train2,142_2107.jpg,0,0.022461,0.007812,23.0,8.0,0.015,0 0.635254 0.887695 0.022461 0.007812
train2,142_2112.jpg,0,0.025391,0.008789,26.0,9.0,0.015,0 0.626953 0.887207 0.025391 0.008789
train2,142_2119.jpg,0,0.032227,0.006836,33.0,7.0,0.015,0 0.673340 0.890137 0.032227 0.006836
train2,142_2350.jpg,0,0.005859,0.040039,6.0,41.0,0.015,0 0.997070 0.097168 0.005859 0.040039
train2,142_2366.jpg,0,0.014648,0.042969,15.0,44.0,0.015,0 0.992676 0.139648 0.014648 0.042969
train2,142_2430.jpg,0,0.000977,0.024414,1.0,25.0,0.015,0 0.999512 0.157715 0.000977 0.024414
train2,142_2430.jpg,0,0.010742,0.022461,11.0,23.0,0.015,0 0.994629 0.163574 0.010742 0.022461
train2,142_2430.jpg,0,0.010742,0.025391,11.0,26.0,0.015,0 0.994629 0.169922 0.010742 0.025391
train2,142_3047.jpg,0,0.014648,0.058594,15.0,60.0,0.015,0 0.992676 0.501953 0.014648 0.058594
train2,142_3059.jpg,0,0.018555,0.014648,19.0,15.0,0.015,0 0.990723 0.432129 0.018555 0.014648
train2,142_3060.jpg,0,0.018555,0.014648,19.0,15.0,0.015,0 0.990723 0.432129 0.018555 0.014648
train2,142_3066.jpg,0,0.022461,0.014648,23.0,15.0,0.015,0 0.973145 0.434082 0.022461 0.014648
train2,142_3076.jpg,0,0.022461,0.014648,23.0,15.0,0.015,0 0.967285 0.430176 0.022461 0.014648
train2,142_3076.jpg,0,0.012695,0.017578,13.0,18.0,0.015,0 0.993652 0.484375 0.012695 0.017578
train2,142_3118.jpg,0,0.022461,0.014648,23.0,15.0,0.015,0 0.971191 0.428223 0.022461 0.014648
train2,142_3128.jpg,0,0.022461,0.014648,23.0,15.0,0.015,0 0.970215 0.428223 0.022461 0.014648
train2,142_3130.jpg,0,0.022461,0.014648,23.0,15.0,0.015,0 0.962402 0.428223 0.022461 0.014648
train2,142_3140.jpg,0,0.022461,0.014648,23.0,15.0,0.015,0 0.962402 0.428223 0.022461 0.014648
train2,142_3148.jpg,0,0.022461,0.014648,23.0,15.0,0.015,0 0.953613 0.430176 0.022461 0.014648
train2,142_3148.jpg,0,0.005859,0.018555,6.0,19.0,0.015,0 0.997070 0.479980 0.005859 0.018555
train2,142_3150.jpg,0,0.022461,0.014648,23.0,15.0,0.015,0 0.945801 0.433105 0.022461 0.014648
train2,142_3150.jpg,0,0.011719,0.018555,12.0,19.0,0.015,0 0.994141 0.479980 0.011719 0.018555
train2,142_3158.jpg,0,0.022461,0.014648,23.0,15.0,0.015,0 0.949707 0.431152 0.022461 0.014648
train2,142_3158.jpg,0,0.012695,0.018555,13.0,19.0,0.015,0 0.993652 0.478027 0.012695 0.018555
train2,142_3160.jpg,0,0.022461,0.014648,23.0,15.0,0.015,0 0.945801 0.433105 0.022461 0.014648
train2,142_3160.jpg,0,0.011719,0.018555,12.0,19.0,0.015,0 0.994141 0.479980 0.011719 0.018555
train2,142_3164.jpg,0,0.022461,0.014648,23.0,15.0,0.015,0 0.942871 0.433105 0.022461 0.014648
train2,142_3174.jpg,0,0.022461,0.014648,23.0,15.0,0.015,0 0.934082 0.436035 0.022461 0.014648
train2,142_3185.jpg,0,0.022461,0.014648,23.0,15.0,0.015,0 0.926270 0.438965 0.022461 0.014648
train2,142_3188.jpg,0,0.022461,0.014648,23.0,15.0,0.015,0 0.922363 0.441895 0.022461 0.014648
train2,142_3190.jpg,0,0.022461,0.014648,23.0,15.0,0.015,0 0.918457 0.441895 0.022461 0.014648
train2,142_3200.jpg,0,0.022461,0.014648,23.0,15.0,0.015,0 0.907715 0.445801 0.022461 0.014648
train2,142_3200.jpg,0,0.003906,0.040039,4.0,41.0,0.015,0 0.998047 0.379395 0.003906 0.040039
train2,142_3206.jpg,0,0.022461,0.014648,23.0,15.0,0.015,0 0.902832 0.446777 0.022461 0.014648
train2,142_3210.jpg,0,0.022461,0.014648,23.0,15.0,0.015,0 0.898926 0.446777 0.022461 0.014648
train2,142_3220.jpg,0,0.022461,0.014648,23.0,15.0,0.015,0 0.891113 0.449707 0.022461 0.014648
train2,142_3220.jpg,0,0.012695,0.036133,13.0,37.0,0.015,0 0.993652 0.122559 0.012695 0.036133
train2,142_3220.jpg,0,0.012695,0.043945,13.0,45.0,0.015,0 0.993652 0.160645 0.012695 0.043945
train2,142_3220.jpg,0,0.000977,0.032227,1.0,33.0,0.015,0 0.999512 0.413574 0.000977 0.032227
train2,142_3240.jpg,0,0.022461,0.014648,23.0,15.0,0.015,0 0.874512 0.457520 0.022461 0.014648
train2,142_3300.jpg,0,0.022461,0.014648,23.0,15.0,0.015,0 0.817871 0.479980 0.022461 0.014648
train2,142_3310.jpg,0,0.022461,0.014648,23.0,15.0,0.015,0 0.808105 0.485840 0.022461 0.014648
train2,142_3310.jpg,0,0.006836,0.042969,7.0,44.0,0.015,0 0.996582 0.309570 0.006836 0.042969
train2,142_3350.jpg,0,0.022461,0.014648,23.0,15.0,0.015,0 0.781738 0.499512 0.022461 0.014648
train2,142_3360.jpg,0,0.022461,0.014648,23.0,15.0,0.015,0 0.765137 0.507324 0.022461 0.014648
train2,142_3370.jpg,0,0.022461,0.014648,23.0,15.0,0.015,0 0.753418 0.512207 0.022461 0.014648
train2,142_3371.jpg,0,0.022461,0.014648,23.0,15.0,0.015,0 0.756348 0.510254 0.022461 0.014648
train2,142_3390.jpg,0,0.022461,0.014648,23.0,15.0,0.015,0 0.725098 0.520996 0.022461 0.014648
train2,142_3400.jpg,0,0.022461,0.014648,23.0,15.0,0.015,0 0.714355 0.528809 0.022461 0.014648
train2,142_3420.jpg,0,0.022461,0.014648,23.0,15.0,0.015,0 0.694824 0.541504 0.022461 0.014648
train2,142_3421.jpg,0,0.022461,0.014648,23.0,15.0,0.015,0 0.690918 0.543457 0.022461 0.014648
train2,142_3427.jpg,0,0.022461,0.014648,23.0,15.0,0.015,0 0.684082 0.552246 0.022461 0.014648
train2,142_3427.jpg,0,0.012695,0.033203,13.0,34.0,0.015,0 0.993652 0.219727 0.012695 0.033203
train2,142_3453.jpg,0,0.022461,0.014648,23.0,15.0,0.015,0 0.662598 0.588379 0.022461 0.014648
train2,142_3459.jpg,0,0.022461,0.014648,23.0,15.0,0.015,0 0.656738 0.597168 0.022461 0.014648
train2,142_3460.jpg,0,0.022461,0.014648,23.0,15.0,0.015,0 0.656738 0.597168 0.022461 0.014648
train2,142_3479.jpg,0,0.022461,0.014648,23.0,15.0,0.015,0 0.632324 0.623535 0.022461 0.014648
train2,142_3503.jpg,0,0.022461,0.014648,23.0,15.0,0.015,0 0.599121 0.654785 0.022461 0.014648
train2,142_3553.jpg,0,0.022461,0.014648,23.0,15.0,0.015,0 0.539551 0.729004 0.022461 0.014648
train2,142_3593.jpg,0,0.022461,0.014648,23.0,15.0,0.015,0 0.507324 0.796387 0.022461 0.014648
train2,142_3613.jpg,0,0.022461,0.014648,23.0,15.0,0.015,0 0.509277 0.839355 0.022461 0.014648
train2,142_3633.jpg,0,0.019531,0.008789,20.0,9.0,0.015,0 0.490234 0.885254 0.019531 0.008789
train2,142_3633.jpg,0,0.022461,0.014648,23.0,15.0,0.015,0 0.502441 0.876465 0.022461 0.014648
train2,142_3633.jpg,0,0.021484,0.010742,22.0,11.0,0.015,0 0.571289 0.885254 0.021484 0.010742
train2,142_3634.jpg,0,0.022461,0.014648,23.0,15.0,0.015,0 0.502441 0.876465 0.022461 0.014648
train2,142_3634.jpg,0,0.021484,0.010742,22.0,11.0,0.015,0 0.571289 0.885254 0.021484 0.010742
train2,142_3640.jpg,0,0.067383,0.007812,69.0,8.0,0.015,0 0.382324 0.888672 0.067383 0.007812
train2,142_3640.jpg,0,0.022461,0.009766,23.0,10.0,0.015,0 0.502441 0.884766 0.022461 0.009766
train2,142_3640.jpg,0,0.023438,0.009766,24.0,10.0,0.015,0 0.546875 0.884766 0.023438 0.009766
train2,142_3640.jpg,0,0.041016,0.008789,42.0,9.0,0.015,0 0.556641 0.886230 0.041016 0.008789
train2,142_3641.jpg,0,0.022461,0.009766,23.0,10.0,0.015,0 0.501465 0.884766 0.022461 0.009766
train2,142_3641.jpg,0,0.023438,0.011719,24.0,12.0,0.015,0 0.557617 0.884766 0.023438 0.011719
train2,142_3645.jpg,0,0.022461,0.001953,23.0,2.0,0.015,0 0.501465 0.888672 0.022461 0.001953
train2,142_3645.jpg,0,0.023438,0.003906,24.0,4.0,0.015,0 0.557617 0.888672 0.023438 0.003906
train2,142_3650.jpg,0,0.044922,0.008789,46.0,9.0,0.015,0 0.537109 0.885254 0.044922 0.008789
train2,142_3724.jpg,0,0.032227,0.007812,33.0,8.0,0.015,0 0.707520 0.891602 0.032227 0.007812
train2,142_3780.jpg,0,0.051758,0.002930,53.0,3.0,0.015,0 0.547363 0.889160 0.051758 0.002930
train2,142_3828.jpg,0,0.031250,0.010742,32.0,11.0,0.015,0 0.844727 0.898926 0.031250 0.010742
train2,142_3859.jpg,0,0.049805,0.011719,51.0,12.0,0.015,0 0.868652 0.901367 0.049805 0.011719
train2,142_3880.jpg,0,0.065430,0.012695,67.0,13.0,0.015,0 0.625488 0.886230 0.065430 0.012695
train2,142_4332.jpg,0,0.041992,0.007812,43.0,8.0,0.015,0 0.773926 0.895508 0.041992 0.007812
train2,142_4343.jpg,0,0.057617,0.010742,59.0,11.0,0.015,0 0.865723 0.901855 0.057617 0.010742
train2,142_4352.jpg,0,0.058594,0.008789,60.0,9.0,0.015,0 0.886719 0.904785 0.058594 0.008789
train2,142_4364.jpg,0,0.039062,0.010742,40.0,11.0,0.015,0 0.954102 0.908691 0.039062 0.010742
train2,142_4413.jpg,0,0.019531,0.010742,20.0,11.0,0.015,0 0.781250 0.894043 0.019531 0.010742
train2,142_4413.jpg,0,0.046875,0.000977,48.0,1.0,0.015,0 0.809570 0.898926 0.046875 0.000977
train2,142_4419.jpg,0,0.022461,0.004883,23.0,5.0,0.015,0 0.793457 0.897949 0.022461 0.004883
train2,142_4426.jpg,0,0.027344,0.014648,28.0,15.0,0.015,0 0.595703 0.883301 0.027344 0.014648
train2,142_4427.jpg,0,0.034180,0.008789,35.0,9.0,0.015,0 0.775879 0.895020 0.034180 0.008789
train2,142_4427.jpg,0,0.027344,0.014648,28.0,15.0,0.015,0 0.595703 0.883301 0.027344 0.014648
train2,142_4445.jpg,0,0.012695,0.004883,13.0,5.0,0.015,0 0.627441 0.889160 0.012695 0.004883
train2,142_4445.jpg,0,0.009766,0.076172,10.0,78.0,0.015,0 0.995117 0.266602 0.009766 0.076172
train2,142_4452.jpg,0,0.012695,0.019531,13.0,20.0,0.015,0 0.625488 0.874023 0.012695 0.019531
train2,142_4452.jpg,0,0.016602,0.011719,17.0,12.0,0.015,0 0.604004 0.884766 0.016602 0.011719
train2,142_4452.jpg,0,0.011719,0.076172,12.0,78.0,0.015,0 0.994141 0.244141 0.011719 0.076172
train2,142_4453.jpg,0,0.012695,0.019531,13.0,20.0,0.015,0 0.625488 0.874023 0.012695 0.019531
train2,142_4453.jpg,0,0.016602,0.011719,17.0,12.0,0.015,0 0.604004 0.884766 0.016602 0.011719
train2,142_4453.jpg,0,0.016602,0.002930,17.0,3.0,0.015,0 0.616699 0.890137 0.016602 0.002930
train2,142_4453.jpg,0,0.011719,0.076172,12.0,78.0,0.015,0 0.994141 0.244141 0.011719 0.076172
train2,142_4461.jpg,0,0.012695,0.019531,13.0,20.0,0.015,0 0.621582 0.848633 0.012695 0.019531
train2,142_4461.jpg,0,0.016602,0.012695,17.0,13.0,0.015,0 0.610840 0.870605 0.016602 0.012695
train2,142_4471.jpg,0,0.012695,0.019531,13.0,20.0,0.015,0 0.617676 0.807617 0.012695 0.019531
train2,142_4471.jpg,0,0.016602,0.012695,17.0,13.0,0.015,0 0.605957 0.826660 0.016602 0.012695
train2,142_4472.jpg,0,0.012695,0.019531,13.0,20.0,0.015,0 0.617676 0.807617 0.012695 0.019531
train2,142_4472.jpg,0,0.009766,0.041992,10.0,43.0,0.015,0 0.995117 0.454590 0.009766 0.041992
train2,142_4472.jpg,0,0.016602,0.012695,17.0,13.0,0.015,0 0.605957 0.826660 0.016602 0.012695
train2,142_4483.jpg,0,0.012695,0.019531,13.0,20.0,0.015,0 0.614746 0.775391 0.012695 0.019531
train2,142_4483.jpg,0,0.016602,0.012695,17.0,13.0,0.015,0 0.600098 0.793457 0.016602 0.012695
train2,142_4503.jpg,0,0.012695,0.019531,13.0,20.0,0.015,0 0.608887 0.715820 0.012695 0.019531
train2,142_4503.jpg,0,0.016602,0.012695,17.0,13.0,0.015,0 0.593262 0.728027 0.016602 0.012695
train2,142_4508.jpg,0,0.012695,0.019531,13.0,20.0,0.015,0 0.605957 0.696289 0.012695 0.019531
train2,142_4528.jpg,0,0.012695,0.019531,13.0,20.0,0.015,0 0.594238 0.630859 0.012695 0.019531
train2,142_4529.jpg,0,0.012695,0.019531,13.0,20.0,0.015,0 0.594238 0.630859 0.012695 0.019531
train2,142_4529.jpg,0,0.010742,0.045898,11.0,47.0,0.015,0 0.994629 0.191895 0.010742 0.045898
train2,142_4549.jpg,0,0.012695,0.019531,13.0,20.0,0.015,0 0.541504 0.616211 0.012695 0.019531
train2,142_4556.jpg,0,0.012695,0.019531,13.0,20.0,0.015,0 0.502441 0.616211 0.012695 0.019531
train2,142_4566.jpg,0,0.012695,0.019531,13.0,20.0,0.015,0 0.468262 0.618164 0.012695 0.019531
train2,142_4586.jpg,0,0.012695,0.019531,13.0,20.0,0.015,0 0.411621 0.622070 0.012695 0.019531
train2,142_4596.jpg,0,0.012695,0.019531,13.0,20.0,0.015,0 0.381348 0.625000 0.012695 0.019531
train2,142_4609.jpg,0,0.012695,0.019531,13.0,20.0,0.015,0 0.352051 0.627930 0.012695 0.019531
train2,142_4609.jpg,0,0.017578,0.013672,18.0,14.0,0.015,0 0.330078 0.622070 0.017578 0.013672
train2,142_4649.jpg,0,0.012695,0.019531,13.0,20.0,0.015,0 0.273926 0.649414 0.012695 0.019531
train2,142_4649.jpg,0,0.017578,0.013672,18.0,14.0,0.015,0 0.254883 0.643555 0.017578 0.013672
train2,142_4666.jpg,0,0.012695,0.019531,13.0,20.0,0.015,0 0.255371 0.667969 0.012695 0.019531
train2,142_4666.jpg,0,0.017578,0.013672,18.0,14.0,0.015,0 0.236328 0.661133 0.017578 0.013672
train2,142_4689.jpg,0,0.012695,0.019531,13.0,20.0,0.015,0 0.246582 0.708008 0.012695 0.019531
train2,142_4689.jpg,0,0.017578,0.013672,18.0,14.0,0.015,0 0.226562 0.700195 0.017578 0.013672
train2,142_4707.jpg,0,0.012695,0.019531,13.0,20.0,0.015,0 0.237793 0.734375 0.012695 0.019531
train2,142_4707.jpg,0,0.017578,0.013672,18.0,14.0,0.015,0 0.221680 0.725586 0.017578 0.013672
train2,142_4708.jpg,0,0.012695,0.019531,13.0,20.0,0.015,0 0.221191 0.773438 0.012695 0.019531
train2,142_4708.jpg,0,0.017578,0.013672,18.0,14.0,0.015,0 0.205078 0.764648 0.017578 0.013672
train2,142_4716.jpg,0,0.012695,0.019531,13.0,20.0,0.015,0 0.215332 0.783203 0.012695 0.019531
train2,142_4716.jpg,0,0.017578,0.013672,18.0,14.0,0.015,0 0.199219 0.774414 0.017578 0.013672
train2,142_4737.jpg,0,0.012695,0.019531,13.0,20.0,0.015,0 0.190918 0.808594 0.012695 0.019531
train2,142_4737.jpg,0,0.017578,0.013672,18.0,14.0,0.015,0 0.174805 0.799805 0.017578 0.013672
train2,142_4748.jpg,0,0.012695,0.019531,13.0,20.0,0.015,0 0.175293 0.822266 0.012695 0.019531
train2,142_4768.jpg,0,0.012695,0.019531,13.0,20.0,0.015,0 0.159668 0.852539 0.012695 0.019531
train2,142_4768.jpg,0,0.017578,0.013672,18.0,14.0,0.015,0 0.147461 0.850586 0.017578 0.013672
train2,142_4787.jpg,0,0.012695,0.019531,13.0,20.0,0.015,0 0.157715 0.888672 0.012695 0.019531
train2,142_4787.jpg,0,0.017578,0.013672,18.0,14.0,0.015,0 0.141602 0.888672 0.017578 0.013672
train2,142_4804.jpg,0,0.016602,0.006836,17.0,7.0,0.015,0 0.139160 0.901855 0.016602 0.006836
train2,142_4805.jpg,0,0.022461,0.014648,23.0,15.0,0.015,0 0.196777 0.894043 0.022461 0.014648
train2,142_4812.jpg,0,0.026367,0.002930,27.0,3.0,0.015,0 0.114746 0.906738 0.026367 0.002930
train2,142_4824.jpg,0,0.047852,0.005859,49.0,6.0,0.015,0 0.218262 0.897461 0.047852 0.005859
train2,142_4835.jpg,0,0.046875,0.010742,48.0,11.0,0.015,0 0.283203 0.891113 0.046875 0.010742
train2,142_4865.jpg,0,0.019531,0.013672,20.0,14.0,0.015,0 0.369141 0.884766 0.019531 0.013672
train2,142_4889.jpg,0,0.039062,0.010742,40.0,11.0,0.015,0 0.437500 0.885254 0.039062 0.010742
train2,142_4914.jpg,0,0.057617,0.012695,59.0,13.0,0.015,0 0.369629 0.886230 0.057617 0.012695
train2,142_4978.jpg,0,0.045898,0.002930,47.0,3.0,0.015,0 0.505371 0.888184 0.045898 0.002930
train2,142_5351.jpg,0,0.043945,0.009766,45.0,10.0,0.015,0 0.914551 0.905273 0.043945 0.009766
train2,142_5458.jpg,0,0.058594,0.011719,60.0,12.0,0.015,0 0.603516 0.885742 0.058594 0.011719
train2,142_5556.jpg,0,0.020508,0.008789,21.0,9.0,0.015,0 0.677246 0.889160 0.020508 0.008789
train2,142_5757.jpg,0,0.043945,0.006836,45.0,7.0,0.015,0 0.237793 0.895996 0.043945 0.006836
train2,142_5778.jpg,0,0.040039,0.005859,41.0,6.0,0.015,0 0.179199 0.900391 0.040039 0.005859
train2,142_5789.jpg,0,0.038086,0.003906,39.0,4.0,0.015,0 0.085449 0.909180 0.038086 0.003906
train2,142_5795.jpg,0,0.016602,0.004883,17.0,5.0,0.015,0 0.088379 0.907715 0.016602 0.004883
train2,142_5795.jpg,0,0.011719,0.006836,12.0,7.0,0.015,0 0.117188 0.901855 0.011719 0.006836
train2,142_5852.jpg,0,0.016602,0.013672,17.0,14.0,0.015,0 0.059082 0.778320 0.016602 0.013672
train2,142_5852.jpg,0,0.013672,0.009766,14.0,10.0,0.015,0 0.088867 0.779297 0.013672 0.009766
train2,142_5852.jpg,0,0.011719,0.006836,12.0,7.0,0.015,0 0.087891 0.768066 0.011719 0.006836
train2,142_5874.jpg,0,0.016602,0.013672,17.0,14.0,0.015,0 0.048340 0.729492 0.016602 0.013672
train2,142_5874.jpg,0,0.013672,0.009766,14.0,10.0,0.015,0 0.078125 0.730469 0.013672 0.009766
train2,142_5874.jpg,0,0.011719,0.006836,12.0,7.0,0.015,0 0.077148 0.719238 0.011719 0.006836
train2,142_5880.jpg,0,0.016602,0.013672,17.0,14.0,0.015,0 0.043457 0.717773 0.016602 0.013672
train2,142_5880.jpg,0,0.013672,0.009766,14.0,10.0,0.015,0 0.073242 0.718750 0.013672 0.009766
train2,142_5880.jpg,0,0.011719,0.006836,12.0,7.0,0.015,0 0.072266 0.707520 0.011719 0.006836
train2,142_5930.jpg,0,0.016602,0.013672,17.0,14.0,0.015,0 0.017090 0.654297 0.016602 0.013672
train2,142_5930.jpg,0,0.013672,0.009766,14.0,10.0,0.015,0 0.046875 0.655273 0.013672 0.009766
train2,142_5930.jpg,0,0.011719,0.006836,12.0,7.0,0.015,0 0.045898 0.644043 0.011719 0.006836
train2,142_5950.jpg,0,0.972656,0.013672,996.0,14.0,0.015,0 0.495117 0.647461 0.972656 0.013672
train2,142_5950.jpg,0,0.999023,0.006836,1023.0,7.0,0.015,0 0.508301 0.637207 0.999023 0.006836
train2,142_5950.jpg,0,0.012695,0.061523,13.0,63.0,0.015,0 0.013184 0.650879 0.012695 0.061523
train2,142_5951.jpg,0,0.972656,0.013672,996.0,14.0,0.015,0 0.495117 0.647461 0.972656 0.013672
train2,142_5951.jpg,0,0.999023,0.006836,1023.0,7.0,0.015,0 0.508301 0.637207 0.999023 0.006836
train2,143_3586.jpg,0,0.039062,0.006836,40.0,7.0,0.015,0 0.166992 0.905762 0.039062 0.006836
train2,143_3586.jpg,0,0.039062,0.014648,40.0,15.0,0.015,0 0.187500 0.900879 0.039062 0.014648
train2,143_3608.jpg,0,0.042969,0.005859,44.0,6.0,0.015,0 0.131836 0.908203 0.042969 0.005859
train2,143_3608.jpg,0,0.039062,0.007812,40.0,8.0,0.015,0 0.193359 0.904297 0.039062 0.007812
train2,143_3625.jpg,0,0.036133,0.010742,37.0,11.0,0.015,0 0.148926 0.904785 0.036133 0.010742
train2,143_3644.jpg,0,0.041992,0.010742,43.0,11.0,0.015,0 0.198730 0.901855 0.041992 0.010742
train2,143_3654.jpg,0,0.033203,0.007812,34.0,8.0,0.015,0 0.187500 0.904297 0.033203 0.007812
train2,143_3654.jpg,0,0.037109,0.006836,38.0,7.0,0.015,0 0.123047 0.908691 0.037109 0.006836
train2,143_3654.jpg,0,0.030273,0.014648,31.0,15.0,0.015,0 0.146973 0.902832 0.030273 0.014648
train2,143_3672.jpg,0,0.046875,0.003906,48.0,4.0,0.015,0 0.188477 0.906250 0.046875 0.003906
train2,143_3677.jpg,0,0.050781,0.008789,52.0,9.0,0.015,0 0.317383 0.897949 0.050781 0.008789
train2,143_3677.jpg,0,0.034180,0.007812,35.0,8.0,0.015,0 0.261230 0.900391 0.034180 0.007812
train2,143_3677.jpg,0,0.044922,0.013672,46.0,14.0,0.015,0 0.142578 0.904297 0.044922 0.013672
train2,143_3686.jpg,0,0.047852,0.007812,49.0,8.0,0.015,0 0.180176 0.905273 0.047852 0.007812
train2,143_3686.jpg,0,0.038086,0.012695,39.0,13.0,0.015,0 0.097168 0.906738 0.038086 0.012695
train2,143_5724.jpg,0,0.050781,0.011719,52.0,12.0,0.015,0 0.935547 0.909180 0.050781 0.011719
train2,143_5853.jpg,0,0.044922,0.012695,46.0,13.0,0.015,0 0.622070 0.893066 0.044922 0.012695
train2,143_5862.jpg,0,0.035156,0.013672,36.0,14.0,0.015,0 0.654297 0.893555 0.035156 0.013672
train2,143_5893.jpg,0,0.029297,0.000977,30.0,1.0,0.015,0 0.715820 0.901855 0.029297 0.000977
train2,143_5893.jpg,0,0.039062,0.001953,40.0,2.0,0.015,0 0.647461 0.899414 0.039062 0.001953
train2,143_5893.jpg,0,0.041016,0.013672,42.0,14.0,0.015,0 0.603516 0.892578 0.041016 0.013672
train2,143_5937.jpg,0,0.041992,0.014648,43.0,15.0,0.015,0 0.646973 0.893066 0.041992 0.014648
train2,143_5946.jpg,0,0.029297,0.003906,30.0,4.0,0.015,0 0.700195 0.900391 0.029297 0.003906
train2,143_5952.jpg,0,0.034180,0.005859,35.0,6.0,0.015,0 0.680176 0.898438 0.034180 0.005859
train2,155_1354.jpg,0,0.041992,0.001953,43.0,2.0,0.015,0 0.774902 0.897461 0.041992 0.001953
train2,155_1394.jpg,0,0.039062,0.005859,40.0,6.0,0.015,0 0.590820 0.887695 0.039062 0.005859
train2,17_14652.jpg,0,0.051758,0.005859,53.0,6.0,0.015,0 0.603027 0.888672 0.051758 0.005859
train2,184_4812.jpg,0,0.012695,0.050781,13.0,52.0,0.015,0 0.993652 0.884766 0.012695 0.050781
train2,184_7054.jpg,0,0.007812,0.047852,8.0,49.0,0.015,0 0.003906 0.881348 0.007812 0.047852
train2,187_4929.jpg,0,0.010742,0.030273,11.0,31.0,0.015,0 0.994629 0.732910 0.010742 0.030273
train2,187_7179.jpg,0,0.038086,0.010742,39.0,11.0,0.015,0 0.072754 0.906738 0.038086 0.010742
train2,187_7203.jpg,0,0.035156,0.011719,36.0,12.0,0.015,0 0.039062 0.909180 0.035156 0.011719
train2,187_7229.jpg,0,0.007812,0.023438,8.0,24.0,0.015,0 0.003906 0.855469 0.007812 0.023438
train2,187_7229.jpg,0,0.011719,0.033203,12.0,34.0,0.015,0 0.005859 0.889648 0.011719 0.033203
train2,188_1336.jpg,0,0.041992,0.014648,43.0,15.0,0.015,0 0.799316 0.894043 0.041992 0.014648
train2,188_1644.jpg,0,0.052734,0.013672,54.0,14.0,0.015,0 0.320312 0.887695 0.052734 0.013672
train2,188_1785.jpg,0,0.009766,0.032227,10.0,33.0,0.015,0 0.004883 0.806152 0.009766 0.032227
train2,188_746.jpg,0,0.013672,0.040039,14.0,41.0,0.015,0 0.006836 0.168457 0.013672 0.040039
train2,189_1456.jpg,0,0.042969,0.014648,44.0,15.0,0.015,0 0.952148 0.906738 0.042969 0.014648
train2,189_1460.jpg,0,0.042969,0.011719,44.0,12.0,0.015,0 0.946289 0.907227 0.042969 0.011719
train2,189_8615.jpg,0,0.004883,0.021484,5.0,22.0,0.015,0 0.002441 0.194336 0.004883 0.021484
train2,189_8615.jpg,0,0.014648,0.042969,15.0,44.0,0.015,0 0.007324 0.228516 0.014648 0.042969
train2,190_1588.jpg,0,0.062500,0.014648,64.0,15.0,0.015,0 0.285156 0.889160 0.062500 0.014648
train2,190_1731.jpg,0,0.012695,0.042969,13.0,44.0,0.015,0 0.006348 0.847656 0.012695 0.042969
train2,190_1797.jpg,0,0.010742,0.049805,11.0,51.0,0.015,0 0.005371 0.854004 0.010742 0.049805
train2,191_1023.jpg,0,0.046875,0.010742,48.0,11.0,0.015,0 0.841797 0.898926 0.046875 0.010742
train2,191_1103.jpg,0,0.012695,0.034180,13.0,35.0,0.015,0 0.993652 0.898926 0.012695 0.034180
train2,191_2966.jpg,0,0.061523,0.014648,63.0,15.0,0.015,0 0.110840 0.902832 0.061523 0.014648
train2,192_1680.jpg,0,0.036133,0.009766,37.0,10.0,0.015,0 0.544434 0.884766 0.036133 0.009766
train2,192_266.jpg,0,0.014648,0.044922,15.0,46.0,0.015,0 0.007324 0.102539 0.014648 0.044922
train2,192_266.jpg,0,0.005859,0.037109,6.0,38.0,0.015,0 0.002930 0.222656 0.005859 0.037109
train2,192_2711.jpg,0,0.008789,0.040039,9.0,41.0,0.015,0 0.004395 0.894043 0.008789 0.040039
train2,192_2712.jpg,0,0.012695,0.040039,13.0,41.0,0.015,0 0.006348 0.895996 0.012695 0.040039
train2,192_2783.jpg,0,0.052734,0.012695,54.0,13.0,0.015,0 0.150391 0.899902 0.052734 0.012695
train2,192_603.jpg,0,0.007812,0.073242,8.0,75.0,0.015,0 0.996094 0.593262 0.007812 0.073242
train2,192_904.jpg,0,0.013672,0.061523,14.0,63.0,0.015,0 0.993164 0.420410 0.013672 0.061523
train2,192_960.jpg,0,0.012695,0.036133,13.0,37.0,0.015,0 0.993652 0.469238 0.012695 0.036133
train2,193_1129.jpg,0,0.012695,0.046875,13.0,48.0,0.015,0 0.993652 0.097656 0.012695 0.046875
train2,193_1232.jpg,0,0.005859,0.044922,6.0,46.0,0.015,0 0.997070 0.236328 0.005859 0.044922
train2,193_1241.jpg,0,0.008789,0.050781,9.0,52.0,0.015,0 0.995605 0.704102 0.008789 0.050781
train2,193_1273.jpg,0,0.013672,0.055664,14.0,57.0,0.015,0 0.993164 0.729980 0.013672 0.055664
train2,193_1890.jpg,0,0.012695,0.049805,13.0,51.0,0.015,0 0.006348 0.836426 0.012695 0.049805
train2,193_3403.jpg,0,0.058594,0.013672,60.0,14.0,0.015,0 0.835938 0.897461 0.058594 0.013672
train2,194_10021.jpg,0,0.043945,0.009766,45.0,10.0,0.015,0 0.340332 0.888672 0.043945 0.009766
train2,194_1237.jpg,0,0.053711,0.014648,55.0,15.0,0.015,0 0.889160 0.901855 0.053711 0.014648
train2,194_189.jpg,0,0.005859,0.045898,6.0,47.0,0.015,0 0.002930 0.135254 0.005859 0.045898
train2,194_7278.jpg,0,0.012695,0.035156,13.0,36.0,0.015,0 0.006348 0.778320 0.012695 0.035156
train2,194_7459.jpg,0,0.051758,0.010742,53.0,11.0,0.015,0 0.310059 0.890137 0.051758 0.010742
train2,194_8539.jpg,0,0.037109,0.012695,38.0,13.0,0.015,0 0.116211 0.901855 0.037109 0.012695
train2,194_8569.jpg,0,0.023438,0.012695,24.0,13.0,0.015,0 0.050781 0.907715 0.023438 0.012695
train2,194_8607.jpg,0,0.003906,0.021484,4.0,22.0,0.015,0 0.001953 0.886719 0.003906 0.021484
train2,194_8613.jpg,0,0.009766,0.036133,10.0,37.0,0.015,0 0.004883 0.861816 0.009766 0.036133
train2,195_10215.jpg,0,0.044922,0.012695,46.0,13.0,0.015,0 0.607422 0.885254 0.044922 0.012695
train2,195_1057.jpg,0,0.013672,0.055664,14.0,57.0,0.015,0 0.993164 0.357910 0.013672 0.055664
train2,195_1821.jpg,0,0.011719,0.039062,12.0,40.0,0.015,0 0.005859 0.180664 0.011719 0.039062
train2,195_5935.jpg,0,0.011719,0.059570,12.0,61.0,0.015,0 0.994141 0.124512 0.011719 0.059570
train2,195_7574.jpg,0,0.011719,0.041992,12.0,43.0,0.015,0 0.994141 0.532715 0.011719 0.041992
train2,195_7587.jpg,0,0.008789,0.023438,9.0,24.0,0.015,0 0.995605 0.534180 0.008789 0.023438
train2,195_7680.jpg,0,0.007812,0.046875,8.0,48.0,0.015,0 0.996094 0.575195 0.007812 0.046875
train2,195_7753.jpg,0,0.014648,0.053711,15.0,55.0,0.015,0 0.992676 0.223145 0.014648 0.053711
train2,195_7868.jpg,0,0.011719,0.049805,12.0,51.0,0.015,0 0.994141 0.375488 0.011719 0.049805
train2,195_7992.jpg,0,0.009766,0.027344,10.0,28.0,0.015,0 0.995117 0.902344 0.009766 0.027344
train2,195_8001.jpg,0,0.012695,0.025391,13.0,26.0,0.015,0 0.993652 0.903320 0.012695 0.025391
train2,195_8111.jpg,0,0.013672,0.042969,14.0,44.0,0.015,0 0.993164 0.891602 0.013672 0.042969
train2,196_10054.jpg,0,0.041016,0.011719,42.0,12.0,0.015,0 0.553711 0.884766 0.041016 0.011719
train2,196_10065.jpg,0,0.041016,0.007812,42.0,8.0,0.015,0 0.573242 0.886719 0.041016 0.007812
train2,196_10078.jpg,0,0.041016,0.006836,42.0,7.0,0.015,0 0.598633 0.888184 0.041016 0.006836
train2,196_1253.jpg,0,0.012695,0.041016,13.0,42.0,0.015,0 0.993652 0.879883 0.012695 0.041016
train2,196_1732.jpg,0,0.013672,0.035156,14.0,36.0,0.015,0 0.006836 0.178711 0.013672 0.035156
train2,196_1735.jpg,0,0.008789,0.035156,9.0,36.0,0.015,0 0.004395 0.175781 0.008789 0.035156
train2,196_465.jpg,0,0.012695,0.051758,13.0,53.0,0.015,0 0.007324 0.242676 0.012695 0.051758
train2,196_5879.jpg,0,0.010742,0.052734,11.0,54.0,0.015,0 0.994629 0.210938 0.010742 0.052734
train2,196_7494.jpg,0,0.035156,0.008789,36.0,9.0,0.015,0 0.541016 0.885254 0.035156 0.008789
train2,196_7716.jpg,0,0.014648,0.028320,15.0,29.0,0.015,0 0.992676 0.655762 0.014648 0.028320
train2,196_7934.jpg,0,0.011719,0.036133,12.0,37.0,0.015,0 0.994141 0.520996 0.011719 0.036133
train2,196_8275.jpg,0,0.047852,0.009766,49.0,10.0,0.015,0 0.499512 0.884766 0.047852 0.009766
train2,196_8494.jpg,0,0.009766,0.040039,10.0,41.0,0.015,0 0.005859 0.752441 0.009766 0.040039
train2,196_919.jpg,0,0.012695,0.051758,13.0,53.0,0.015,0 0.993652 0.510254 0.012695 0.051758
train2,196_9750.jpg,0,0.008789,0.044922,9.0,46.0,0.015,0 0.005371 0.755859 0.008789 0.044922
train2,197_1784.jpg,0,0.013672,0.047852,14.0,49.0,0.015,0 0.006836 0.149902 0.013672 0.047852
train2,197_5883.jpg,0,0.012695,0.039062,13.0,40.0,0.015,0 0.993652 0.291992 0.012695 0.039062
train2,197_7805.jpg,0,0.012695,0.045898,13.0,47.0,0.015,0 0.993652 0.729980 0.012695 0.045898
train2,197_977.jpg,0,0.010742,0.038086,11.0,39.0,0.015,0 0.994629 0.576660 0.010742 0.038086
train2,198_2559.jpg,0,0.009766,0.038086,10.0,39.0,0.015,0 0.995117 0.710449 0.009766 0.038086
train2,198_3839.jpg,0,0.014648,0.032227,15.0,33.0,0.015,0 0.019043 0.547363 0.014648 0.032227
train2,198_4054.jpg,0,0.035156,0.007812,36.0,8.0,0.015,0 0.611328 0.887695 0.035156 0.007812
train2,199_4446.jpg,0,0.013672,0.040039,14.0,41.0,0.015,0 0.012695 0.681152 0.013672 0.040039
train2,201_10015.jpg,0,0.011719,0.040039,12.0,41.0,0.015,0 0.994141 0.397949 0.011719 0.040039
train2,202_11747.jpg,0,0.014648,0.037109,15.0,38.0,0.015,0 0.992676 0.673828 0.014648 0.037109
train2,202_11770.jpg,0,0.011719,0.041016,12.0,42.0,0.015,0 0.994141 0.700195 0.011719 0.041016
train2,204_10793.jpg,0,0.010742,0.045898,11.0,47.0,0.015,0 0.994629 0.119629 0.010742 0.045898
train2,204_11881.jpg,0,0.010742,0.053711,11.0,55.0,0.015,0 0.994629 0.720215 0.010742 0.053711
train2,205_778.jpg,0,0.013672,0.060547,14.0,62.0,0.015,0 0.006836 0.103516 0.013672 0.060547
train2,206_10799.jpg,0,0.014648,0.038086,15.0,39.0,0.015,0 0.992676 0.098145 0.014648 0.038086
train2,206_811.jpg,0,0.011719,0.053711,12.0,55.0,0.015,0 0.005859 0.100098 0.011719 0.053711
train2,20_5767.jpg,0,0.032227,0.013672,33.0,14.0,0.015,0 0.287598 0.888672 0.032227 0.013672
train2,20_5780.jpg,0,0.038086,0.013672,39.0,14.0,0.015,0 0.430176 0.883789 0.038086 0.013672
train2,212_759.jpg,0,0.012695,0.048828,13.0,50.0,0.015,0 0.006348 0.170898 0.012695 0.048828
train2,212_7789.jpg,0,0.008789,0.044922,9.0,46.0,0.015,0 0.995605 0.365234 0.008789 0.044922
train2,212_8056.jpg,0,0.010742,0.040039,11.0,41.0,0.015,0 0.994629 0.712402 0.010742 0.040039
train2,212_8060.jpg,0,0.013672,0.040039,14.0,41.0,0.015,0 0.993164 0.721191 0.013672 0.040039
train2,213_7257.jpg,0,0.014648,0.047852,15.0,49.0,0.015,0 0.007324 0.221191 0.014648 0.047852
train2,213_8109.jpg,0,0.047852,0.013672,49.0,14.0,0.015,0 0.885254 0.901367 0.047852 0.013672
train2,213_830.jpg,0,0.010742,0.044922,11.0,46.0,0.015,0 0.005371 0.201172 0.010742 0.044922
train2,215_1023.jpg,0,0.009766,0.048828,10.0,50.0,0.015,0 0.995117 0.368164 0.009766 0.048828
train2,215_2811.jpg,0,0.014648,0.034180,15.0,35.0,0.015,0 0.007324 0.862793 0.014648 0.034180
train2,215_2837.jpg,0,0.006836,0.035156,7.0,36.0,0.015,0 0.996582 0.593750 0.006836 0.035156
train2,215_810.jpg,0,0.014648,0.052734,15.0,54.0,0.015,0 0.007324 0.169922 0.014648 0.052734
train2,216_3461.jpg,0,0.032227,0.008789,33.0,9.0,0.015,0 0.068848 0.907715 0.032227 0.008789
train2,216_545.jpg,0,0.013672,0.041016,14.0,42.0,0.015,0 0.993164 0.094727 0.013672 0.041016
train2,225_3233.jpg,0,0.034180,0.010742,35.0,11.0,0.015,0 0.689941 0.889160 0.034180 0.010742
train2,225_4634.jpg,0,0.026367,0.013672,27.0,14.0,0.015,0 0.232910 0.892578 0.026367 0.013672
train2,225_4720.jpg,0,0.034180,0.011719,35.0,12.0,0.015,0 0.704590 0.889648 0.034180 0.011719
train2,225_4800.jpg,0,0.033203,0.013672,34.0,14.0,0.015,0 0.180664 0.896484 0.033203 0.013672
train2,225_5009.jpg,0,0.024414,0.009766,25.0,10.0,0.015,0 0.732910 0.891602 0.024414 0.009766
train2,225_5109.jpg,0,0.025391,0.013672,26.0,14.0,0.015,0 0.152344 0.898438 0.025391 0.013672
train2,225_5827.jpg,0,0.046875,0.014648,48.0,15.0,0.015,0 0.329102 0.887207 0.046875 0.014648
train2,225_7495.jpg,0,0.008789,0.036133,9.0,37.0,0.015,0 0.004395 0.795410 0.008789 0.036133
train2,225_8328.jpg,0,0.012695,0.046875,13.0,48.0,0.015,0 0.009277 0.258789 0.012695 0.046875
train2,228_18639.jpg,0,0.043945,0.013672,45.0,14.0,0.015,0 0.877441 0.900391 0.043945 0.013672
train2,229_12.jpg,0,0.014648,0.033203,15.0,34.0,0.015,0 0.016113 0.619141 0.014648 0.033203
train2,229_126.jpg,0,0.013672,0.028320,14.0,29.0,0.015,0 0.011719 0.704590 0.013672 0.028320
train2,229_1331.jpg,0,0.037109,0.012695,38.0,13.0,0.015,0 0.498047 0.883301 0.037109 0.012695
train2,229_1341.jpg,0,0.038086,0.009766,39.0,10.0,0.015,0 0.555176 0.885742 0.038086 0.009766
train2,229_1348.jpg,0,0.044922,0.009766,46.0,10.0,0.015,0 0.534180 0.884766 0.044922 0.009766
train2,229_1357.jpg,0,0.034180,0.013672,35.0,14.0,0.015,0 0.430176 0.883789 0.034180 0.013672
train2,229_1364.jpg,0,0.047852,0.009766,49.0,10.0,0.015,0 0.503418 0.884766 0.047852 0.009766
train2,229_1370.jpg,0,0.033203,0.013672,34.0,14.0,0.015,0 0.638672 0.885742 0.033203 0.013672
train2,229_1377.jpg,0,0.034180,0.009766,35.0,10.0,0.015,0 0.522949 0.884766 0.034180 0.009766
train2,229_1635.jpg,0,0.031250,0.013672,32.0,14.0,0.015,0 0.596680 0.883789 0.031250 0.013672
train2,229_1646.jpg,0,0.036133,0.011719,37.0,12.0,0.015,0 0.623535 0.885742 0.036133 0.011719
train2,229_1646.jpg,0,0.031250,0.011719,32.0,12.0,0.015,0 0.699219 0.888672 0.031250 0.011719
train2,229_1651.jpg,0,0.026367,0.013672,27.0,14.0,0.015,0 0.745605 0.890625 0.026367 0.013672
train2,229_1657.jpg,0,0.036133,0.010742,37.0,11.0,0.015,0 0.609863 0.886230 0.036133 0.010742
train2,229_1664.jpg,0,0.035156,0.013672,36.0,14.0,0.015,0 0.731445 0.889648 0.035156 0.013672
train2,229_1671.jpg,0,0.028320,0.012695,29.0,13.0,0.015,0 0.705566 0.889160 0.028320 0.012695
train2,229_1682.jpg,0,0.039062,0.009766,40.0,10.0,0.015,0 0.581055 0.885742 0.039062 0.009766
train2,229_2175.jpg,0,0.049805,0.014648,51.0,15.0,0.015,0 0.371582 0.104980 0.049805 0.014648
train2,229_2379.jpg,0,0.035156,0.011719,36.0,12.0,0.015,0 0.462891 0.883789 0.035156 0.011719
train2,229_2389.jpg,0,0.049805,0.014648,51.0,15.0,0.015,0 0.472168 0.882324 0.049805 0.014648
train2,229_2400.jpg,0,0.022461,0.012695,23.0,13.0,0.015,0 0.306152 0.888184 0.022461 0.012695
train2,229_2404.jpg,0,0.037109,0.013672,38.0,14.0,0.015,0 0.443359 0.883789 0.037109 0.013672
train2,229_522.jpg,0,0.011719,0.033203,12.0,34.0,0.015,0 0.994141 0.607422 0.011719 0.033203
train2,229_530.jpg,0,0.006836,0.028320,7.0,29.0,0.015,0 0.996582 0.681152 0.006836 0.028320
train2,229_530.jpg,0,0.010742,0.032227,11.0,33.0,0.015,0 0.994629 0.594238 0.010742 0.032227
train2,229_533.jpg,0,0.008789,0.033203,9.0,34.0,0.015,0 0.995605 0.581055 0.008789 0.033203
train2,229_544.jpg,0,0.012695,0.029297,13.0,30.0,0.015,0 0.993652 0.533203 0.012695 0.029297
train2,229_544.jpg,0,0.008789,0.030273,9.0,31.0,0.015,0 0.995605 0.619629 0.008789 0.030273
train2,229_552.jpg,0,0.012695,0.032227,13.0,33.0,0.015,0 0.993652 0.531738 0.012695 0.032227
train2,229_575.jpg,0,0.011719,0.030273,12.0,31.0,0.015,0 0.994141 0.574707 0.011719 0.030273
train2,229_614.jpg,0,0.014648,0.035156,15.0,36.0,0.015,0 0.992676 0.563477 0.014648 0.035156
train2,229_807.jpg,0,0.009766,0.022461,10.0,23.0,0.015,0 0.995117 0.085449 0.009766 0.022461
train2,230_1165.jpg,0,0.042969,0.009766,44.0,10.0,0.015,0 0.467773 0.884766 0.042969 0.009766
train2,230_1198.jpg,0,0.039062,0.011719,40.0,12.0,0.015,0 0.431641 0.884766 0.039062 0.011719
train2,230_1239.jpg,0,0.041992,0.012695,43.0,13.0,0.015,0 0.604980 0.885254 0.041992 0.012695
train2,230_1239.jpg,0,0.042969,0.012695,44.0,13.0,0.015,0 0.667969 0.887207 0.042969 0.012695
train2,230_1240.jpg,0,0.040039,0.012695,41.0,13.0,0.015,0 0.604004 0.885254 0.040039 0.012695
train2,230_1524.jpg,0,0.013672,0.033203,14.0,34.0,0.015,0 0.993164 0.284180 0.013672 0.033203
train2,230_2100.jpg,0,0.012695,0.033203,13.0,34.0,0.015,0 0.993652 0.310547 0.012695 0.033203
train2,230_2484.jpg,0,0.030273,0.013672,31.0,14.0,0.015,0 0.678223 0.886719 0.030273 0.013672
train2,230_4690.jpg,0,0.009766,0.041016,10.0,42.0,0.015,0 0.004883 0.194336 0.009766 0.041016
train2,231_1322.jpg,0,0.063477,0.012695,65.0,13.0,0.015,0 0.249512 0.893066 0.063477 0.012695
train2,231_1347.jpg,0,0.058594,0.013672,60.0,14.0,0.015,0 0.773438 0.893555 0.058594 0.013672
train2,231_2757.jpg,0,0.011719,0.041016,12.0,42.0,0.015,0 0.005859 0.775391 0.011719 0.041016
train2,231_934.jpg,0,0.014648,0.044922,15.0,46.0,0.015,0 0.009277 0.253906 0.014648 0.044922
train2,232_1121.jpg,0,0.041016,0.014648,42.0,15.0,0.015,0 0.253906 0.891113 0.041016 0.014648
train2,232_1188.jpg,0,0.043945,0.012695,45.0,13.0,0.015,0 0.854004 0.898926 0.043945 0.012695
train2,232_2568.jpg,0,0.041016,0.009766,42.0,10.0,0.015,0 0.317383 0.889648 0.041016 0.009766
train2,232_264.jpg,0,0.014648,0.028320,15.0,29.0,0.015,0 0.016113 0.358887 0.014648 0.028320
train2,232_2751.jpg,0,0.012695,0.037109,13.0,38.0,0.015,0 0.993652 0.479492 0.012695 0.037109
train2,232_3292.jpg,0,0.014648,0.039062,15.0,40.0,0.015,0 0.007324 0.154297 0.014648 0.039062
train2,232_5178.jpg,0,0.038086,0.009766,39.0,10.0,0.015,0 0.281738 0.891602 0.038086 0.009766
train2,234_187.jpg,0,0.014648,0.034180,15.0,35.0,0.015,0 0.013184 0.309082 0.014648 0.034180
train2,234_3686.jpg,0,0.012695,0.046875,13.0,48.0,0.015,0 0.993652 0.794922 0.012695 0.046875
train2,234_4948.jpg,0,0.062500,0.014648,64.0,15.0,0.015,0 0.555664 0.883301 0.062500 0.014648
train2,235_1290.jpg,0,0.041992,0.014648,43.0,15.0,0.015,0 0.845215 0.896973 0.041992 0.014648
train2,235_3744.jpg,0,0.012695,0.051758,13.0,53.0,0.015,0 0.993652 0.468262 0.012695 0.051758
train2,235_3785.jpg,0,0.009766,0.037109,10.0,38.0,0.015,0 0.995117 0.449219 0.009766 0.037109
train2,235_4017.jpg,0,0.013672,0.028320,14.0,29.0,0.015,0 0.993164 0.766113 0.013672 0.028320
train2,235_5079.jpg,0,0.029297,0.012695,30.0,13.0,0.015,0 0.985352 0.909668 0.029297 0.012695
train2,235_6166.jpg,0,0.041016,0.012695,42.0,13.0,0.015,0 0.315430 0.888184 0.041016 0.012695
train2,235_960.jpg,0,0.050781,0.012695,52.0,13.0,0.015,0 0.266602 0.891113 0.050781 0.012695
train2,236_4603.jpg,0,0.012695,0.049805,13.0,51.0,0.015,0 0.993652 0.105957 0.012695 0.049805
train2,238_11874.jpg,0,0.014648,0.065430,15.0,67.0,0.015,0 0.992676 0.724121 0.014648 0.065430
train2,241_12009.jpg,0,0.010742,0.040039,11.0,41.0,0.015,0 0.994629 0.165527 0.010742 0.040039
train2,242_12002.jpg,0,0.014648,0.041016,15.0,42.0,0.015,0 0.992676 0.545898 0.014648 0.041016
train2,244_3566.jpg,0,0.008789,0.050781,9.0,52.0,0.015,0 0.995605 0.467773 0.008789 0.050781
train2,244_4866.jpg,0,0.012695,0.055664,13.0,57.0,0.015,0 0.993652 0.650879 0.012695 0.055664
train2,244_5961.jpg,0,0.048828,0.013672,50.0,14.0,0.015,0 0.323242 0.887695 0.048828 0.013672
train2,244_5973.jpg,0,0.038086,0.014648,39.0,15.0,0.015,0 0.244629 0.891113 0.038086 0.014648
train2,244_6202.jpg,0,0.011719,0.043945,12.0,45.0,0.015,0 0.994141 0.572754 0.011719 0.043945
train2,244_6716.jpg,0,0.043945,0.014648,45.0,15.0,0.015,0 0.817871 0.895020 0.043945 0.014648
train2,245_4862.jpg,0,0.012695,0.057617,13.0,59.0,0.015,0 0.993652 0.656738 0.012695 0.057617
train2,245_6593.jpg,0,0.014648,0.048828,15.0,50.0,0.015,0 0.992676 0.880859 0.014648 0.048828
train2,245_7079.jpg,0,0.008789,0.055664,9.0,57.0,0.015,0 0.004395 0.849121 0.008789 0.055664
train2,245_8283.jpg,0,0.047852,0.010742,49.0,11.0,0.015,0 0.369629 0.887207 0.047852 0.010742
train2,247_1001.jpg,0,0.041992,0.010742,43.0,11.0,0.015,0 0.946777 0.907715 0.041992 0.010742
train2,247_1001.jpg,0,0.046875,0.012695,48.0,13.0,0.015,0 0.846680 0.898926 0.046875 0.012695
train2,247_1312.jpg,0,0.047852,0.009766,49.0,10.0,0.015,0 0.574707 0.885742 0.047852 0.009766
train2,247_1326.jpg,0,0.050781,0.011719,52.0,12.0,0.015,0 0.679688 0.888672 0.050781 0.011719
train2,247_1367.jpg,0,0.043945,0.014648,45.0,15.0,0.015,0 0.611816 0.884277 0.043945 0.014648
train2,247_1398.jpg,0,0.048828,0.011719,50.0,12.0,0.015,0 0.517578 0.883789 0.048828 0.011719
train2,247_1405.jpg,0,0.037109,0.013672,38.0,14.0,0.015,0 0.445312 0.883789 0.037109 0.013672
train2,247_1415.jpg,0,0.045898,0.012695,47.0,13.0,0.015,0 0.821777 0.896973 0.045898 0.012695
train2,247_1435.jpg,0,0.045898,0.014648,47.0,15.0,0.015,0 0.643066 0.885254 0.045898 0.014648
train2,247_1480.jpg,0,0.054688,0.010742,56.0,11.0,0.015,0 0.475586 0.884277 0.054688 0.010742
train2,247_2408.jpg,0,0.041992,0.012695,43.0,13.0,0.015,0 0.395996 0.885254 0.041992 0.012695
train2,247_2445.jpg,0,0.040039,0.010742,41.0,11.0,0.015,0 0.452637 0.885254 0.040039 0.010742
train2,247_2545.jpg,0,0.041016,0.013672,42.0,14.0,0.015,0 0.484375 0.882812 0.041016 0.013672
train2,247_2628.jpg,0,0.039062,0.010742,40.0,11.0,0.015,0 0.566406 0.885254 0.039062 0.010742
train2,247_2647.jpg,0,0.036133,0.007812,37.0,8.0,0.015,0 0.190918 0.898438 0.036133 0.007812
train2,247_2649.jpg,0,0.042969,0.010742,44.0,11.0,0.015,0 0.262695 0.892090 0.042969 0.010742
train2,247_2672.jpg,0,0.047852,0.012695,49.0,13.0,0.015,0 0.357910 0.886230 0.047852 0.012695
train2,247_2931.jpg,0,0.053711,0.014648,55.0,15.0,0.015,0 0.068848 0.905762 0.053711 0.014648
train2,247_2952.jpg,0,0.045898,0.011719,47.0,12.0,0.015,0 0.046387 0.909180 0.045898 0.011719
train2,247_3020.jpg,0,0.041016,0.011719,42.0,12.0,0.015,0 0.287109 0.890625 0.041016 0.011719
train2,247_3023.jpg,0,0.048828,0.007812,50.0,8.0,0.015,0 0.109375 0.905273 0.048828 0.007812
train2,247_3077.jpg,0,0.046875,0.012695,48.0,13.0,0.015,0 0.205078 0.895020 0.046875 0.012695
train2,247_3185.jpg,0,0.013672,0.042969,14.0,44.0,0.015,0 0.006836 0.094727 0.013672 0.042969
train2,247_705.jpg,0,0.010742,0.046875,11.0,48.0,0.015,0 0.994629 0.217773 0.010742 0.046875
train2,247_721.jpg,0,0.007812,0.045898,8.0,47.0,0.015,0 0.996094 0.333496 0.007812 0.045898
train2,247_747.jpg,0,0.014648,0.044922,15.0,46.0,0.015,0 0.992676 0.295898 0.014648 0.044922
train2,247_929.jpg,0,0.045898,0.014648,47.0,15.0,0.015,0 0.732910 0.890137 0.045898 0.014648
train2,247_967.jpg,0,0.040039,0.013672,41.0,14.0,0.015,0 0.886230 0.901367 0.040039 0.013672
train2,248_21326.jpg,0,0.048828,0.011719,50.0,12.0,0.015,0 0.060547 0.916992 0.048828 0.011719
train2,248_21326.jpg,0,0.029297,0.011719,30.0,12.0,0.015,0 0.014648 0.919922 0.029297 0.011719
train2,248_21344.jpg,0,0.040039,0.010742,41.0,11.0,0.015,0 0.065918 0.916504 0.040039 0.010742
train2,248_21349.jpg,0,0.040039,0.014648,41.0,15.0,0.015,0 0.065918 0.914551 0.040039 0.014648
train2,248_21349.jpg,0,0.028320,0.010742,29.0,11.0,0.015,0 0.024902 0.919434 0.028320 0.010742
train2,248_21359.jpg,0,0.029297,0.012695,30.0,13.0,0.015,0 0.137695 0.909668 0.029297 0.012695
train2,248_21368.jpg,0,0.044922,0.006836,46.0,7.0,0.015,0 0.123047 0.914551 0.044922 0.006836
train2,248_21376.jpg,0,0.028320,0.011719,29.0,12.0,0.015,0 0.030762 0.918945 0.028320 0.011719
train2,248_21385.jpg,0,0.041992,0.014648,43.0,15.0,0.015,0 0.085449 0.913574 0.041992 0.014648
train2,248_21413.jpg,0,0.037109,0.014648,38.0,15.0,0.015,0 0.064453 0.914551 0.037109 0.014648
train2,248_21469.jpg,0,0.039062,0.010742,40.0,11.0,0.015,0 0.110352 0.913574 0.039062 0.010742
train2,248_22555.jpg,0,0.028320,0.006836,29.0,7.0,0.015,0 0.714355 0.902832 0.028320 0.006836
train2,248_22555.jpg,0,0.031250,0.010742,32.0,11.0,0.015,0 0.691406 0.899902 0.031250 0.010742
train2,248_22562.jpg,0,0.027344,0.007812,28.0,8.0,0.015,0 0.699219 0.902344 0.027344 0.007812
train2,248_22567.jpg,0,0.022461,0.010742,23.0,11.0,0.015,0 0.705566 0.900879 0.022461 0.010742
train2,248_22575.jpg,0,0.041016,0.008789,42.0,9.0,0.015,0 0.745117 0.903809 0.041016 0.008789
train2,248_22675.jpg,0,0.054688,0.007812,56.0,8.0,0.015,0 0.714844 0.903320 0.054688 0.007812
train2,248_22716.jpg,0,0.038086,0.011719,39.0,12.0,0.015,0 0.647949 0.898438 0.038086 0.011719
train2,248_22736.jpg,0,0.038086,0.012695,39.0,13.0,0.015,0 0.664551 0.897949 0.038086 0.012695
train2,248_22745.jpg,0,0.035156,0.003906,36.0,4.0,0.015,0 0.651367 0.902344 0.035156 0.003906
train2,248_22749.jpg,0,0.041016,0.002930,42.0,3.0,0.015,0 0.678711 0.903809 0.041016 0.002930
train2,248_22749.jpg,0,0.043945,0.003906,45.0,4.0,0.015,0 0.608887 0.901367 0.043945 0.003906
train2,248_22756.jpg,0,0.060547,0.010742,62.0,11.0,0.015,0 0.705078 0.901855 0.060547 0.010742
train2,248_22756.jpg,0,0.030273,0.012695,31.0,13.0,0.015,0 0.642090 0.896973 0.030273 0.012695
train2,248_22758.jpg,0,0.030273,0.004883,31.0,5.0,0.015,0 0.641113 0.900879 0.030273 0.004883
train2,248_22758.jpg,0,0.039062,0.011719,40.0,12.0,0.015,0 0.571289 0.896484 0.039062 0.011719
train2,248_22765.jpg,0,0.041992,0.007812,43.0,8.0,0.015,0 0.732910 0.904297 0.041992 0.007812
train2,248_22765.jpg,0,0.038086,0.009766,39.0,10.0,0.015,0 0.618652 0.898438 0.038086 0.009766
train2,249_4293.jpg,0,0.056641,0.008789,58.0,9.0,0.015,0 0.209961 0.907715 0.056641 0.008789
train2,249_4313.jpg,0,0.063477,0.013672,65.0,14.0,0.015,0 0.115723 0.912109 0.063477 0.013672
train2,249_4325.jpg,0,0.060547,0.007812,62.0,8.0,0.015,0 0.110352 0.915039 0.060547 0.007812
train2,249_4346.jpg,0,0.057617,0.014648,59.0,15.0,0.015,0 0.083496 0.914551 0.057617 0.014648
train2,249_4368.jpg,0,0.066406,0.013672,68.0,14.0,0.015,0 0.043945 0.917969 0.066406 0.013672
train2,249_6937.jpg,0,0.055664,0.012695,57.0,13.0,0.015,0 0.555176 0.895020 0.055664 0.012695
train2,249_6978.jpg,0,0.091797,0.006836,94.0,7.0,0.015,0 0.530273 0.897949 0.091797 0.006836
train2,249_6992.jpg,0,0.063477,0.013672,65.0,14.0,0.015,0 0.510254 0.894531 0.063477 0.013672
train2,249_7021.jpg,0,0.079102,0.012695,81.0,13.0,0.015,0 0.678223 0.899902 0.079102 0.012695
train2,249_7021.jpg,0,0.062500,0.013672,64.0,14.0,0.015,0 0.761719 0.903320 0.062500 0.013672
train2,249_7043.jpg,0,0.054688,0.009766,56.0,10.0,0.015,0 0.797852 0.907227 0.054688 0.009766
train2,249_7059.jpg,0,0.064453,0.003906,66.0,4.0,0.015,0 0.818359 0.911133 0.064453 0.003906
train2,249_7087.jpg,0,0.065430,0.013672,67.0,14.0,0.015,0 0.886230 0.912109 0.065430 0.013672
train2,249_7124.jpg,0,0.064453,0.014648,66.0,15.0,0.015,0 0.927734 0.914551 0.064453 0.014648
train2,250_13337.jpg,0,0.012695,0.046875,13.0,48.0,0.015,0 0.993652 0.172852 0.012695 0.046875
train2,250_13567.jpg,0,0.060547,0.014648,62.0,15.0,0.015,0 0.870117 0.909668 0.060547 0.014648
train2,250_4181.jpg,0,0.044922,0.007812,46.0,8.0,0.015,0 0.177734 0.910156 0.044922 0.007812
train2,250_4195.jpg,0,0.045898,0.014648,47.0,15.0,0.015,0 0.235840 0.902832 0.045898 0.014648
train2,250_4228.jpg,0,0.046875,0.010742,48.0,11.0,0.015,0 0.239258 0.904785 0.046875 0.010742
train2,250_4228.jpg,0,0.040039,0.009766,41.0,10.0,0.015,0 0.386230 0.898438 0.040039 0.009766
train2,250_4242.jpg,0,0.041992,0.003906,43.0,4.0,0.015,0 0.328613 0.903320 0.041992 0.003906
train2,250_4242.jpg,0,0.039062,0.006836,40.0,7.0,0.015,0 0.363281 0.899902 0.039062 0.006836
train2,250_4257.jpg,0,0.051758,0.008789,53.0,9.0,0.015,0 0.187988 0.908691 0.051758 0.008789
train2,250_4257.jpg,0,0.037109,0.008789,38.0,9.0,0.015,0 0.366211 0.898926 0.037109 0.008789
train2,250_4257.jpg,0,0.041016,0.002930,42.0,3.0,0.015,0 0.332031 0.903809 0.041016 0.002930
train2,250_4261.jpg,0,0.045898,0.006836,47.0,7.0,0.015,0 0.411621 0.898926 0.045898 0.006836
train2,250_4279.jpg,0,0.037109,0.010742,38.0,11.0,0.015,0 0.356445 0.898926 0.037109 0.010742
train2,250_4289.jpg,0,0.044922,0.007812,46.0,8.0,0.015,0 0.329102 0.901367 0.044922 0.007812
train2,250_4314.jpg,0,0.040039,0.014648,41.0,15.0,0.015,0 0.417480 0.895020 0.040039 0.014648
train2,250_4355.jpg,0,0.039062,0.013672,40.0,14.0,0.015,0 0.380859 0.896484 0.039062 0.013672
train2,250_610.jpg,0,0.041016,0.014648,42.0,15.0,0.015,0 0.358398 0.896973 0.041016 0.014648
train2,250_6204.jpg,0,0.052734,0.011719,54.0,12.0,0.015,0 0.864258 0.911133 0.052734 0.011719
train2,250_6244.jpg,0,0.051758,0.010742,53.0,11.0,0.015,0 0.904785 0.914551 0.051758 0.010742
train2,250_6300.jpg,0,0.048828,0.000977,50.0,1.0,0.015,0 0.871094 0.913574 0.048828 0.000977
train2,250_6300.jpg,0,0.040039,0.006836,41.0,7.0,0.015,0 0.860840 0.912598 0.040039 0.006836
train2,250_6314.jpg,0,0.043945,0.003906,45.0,4.0,0.015,0 0.868652 0.915039 0.043945 0.003906
train2,250_6368.jpg,0,0.043945,0.011719,45.0,12.0,0.015,0 0.660645 0.898438 0.043945 0.011719
train2,250_6384.jpg,0,0.042969,0.010742,44.0,11.0,0.015,0 0.672852 0.899902 0.042969 0.010742
train2,250_6384.jpg,0,0.039062,0.008789,40.0,9.0,0.015,0 0.706055 0.901855 0.039062 0.008789
train2,250_6393.jpg,0,0.041992,0.013672,43.0,14.0,0.015,0 0.756348 0.902344 0.041992 0.013672
train2,250_6405.jpg,0,0.045898,0.009766,47.0,10.0,0.015,0 0.670410 0.900391 0.045898 0.009766
train2,250_6405.jpg,0,0.037109,0.000977,38.0,1.0,0.015,0 0.728516 0.905762 0.037109 0.000977
train2,250_914.jpg,0,0.040039,0.012695,41.0,13.0,0.015,0 0.651855 0.897949 0.040039 0.012695
train2,251_3914.jpg,0,0.012695,0.035156,13.0,36.0,0.015,0 0.006348 0.110352 0.012695 0.035156
train2,251_4079.jpg,0,0.040039,0.014648,41.0,15.0,0.015,0 0.130371 0.909668 0.040039 0.014648
train2,251_4099.jpg,0,0.039062,0.012695,40.0,13.0,0.015,0 0.155273 0.908691 0.039062 0.012695
train2,251_4099.jpg,0,0.033203,0.014648,34.0,15.0,0.015,0 0.168945 0.906738 0.033203 0.014648
train2,251_4103.jpg,0,0.039062,0.004883,40.0,5.0,0.015,0 0.155273 0.912598 0.039062 0.004883
train2,251_4103.jpg,0,0.033203,0.006836,34.0,7.0,0.015,0 0.168945 0.910645 0.033203 0.006836
train2,251_4142.jpg,0,0.045898,0.014648,47.0,15.0,0.015,0 0.384277 0.895996 0.045898 0.014648
train2,251_4160.jpg,0,0.052734,0.004883,54.0,5.0,0.015,0 0.213867 0.908691 0.052734 0.004883
train2,251_4204.jpg,0,0.049805,0.013672,51.0,14.0,0.015,0 0.214355 0.904297 0.049805 0.013672
train2,251_4243.jpg,0,0.049805,0.007812,51.0,8.0,0.015,0 0.175293 0.910156 0.049805 0.007812
train2,251_4282.jpg,0,0.043945,0.013672,45.0,14.0,0.015,0 0.123535 0.911133 0.043945 0.013672
train2,251_4296.jpg,0,0.044922,0.005859,46.0,6.0,0.015,0 0.208008 0.909180 0.044922 0.005859
train2,251_4320.jpg,0,0.044922,0.011719,46.0,12.0,0.015,0 0.342773 0.898438 0.044922 0.011719
train2,251_4320.jpg,0,0.043945,0.009766,45.0,10.0,0.015,0 0.377441 0.898438 0.043945 0.009766
train2,251_4353.jpg,0,0.045898,0.013672,47.0,14.0,0.015,0 0.055176 0.916016 0.045898 0.013672
train2,251_5802.jpg,0,0.040039,0.006836,41.0,7.0,0.015,0 0.520020 0.897949 0.040039 0.006836
train2,251_5802.jpg,0,0.051758,0.005859,53.0,6.0,0.015,0 0.652832 0.901367 0.051758 0.005859
train2,251_5812.jpg,0,0.049805,0.007812,51.0,8.0,0.015,0 0.640137 0.900391 0.049805 0.007812
train2,251_5834.jpg,0,0.038086,0.012695,39.0,13.0,0.015,0 0.571777 0.895996 0.038086 0.012695
train2,251_5874.jpg,0,0.044922,0.012695,46.0,13.0,0.015,0 0.653320 0.897949 0.044922 0.012695
train2,251_5894.jpg,0,0.042969,0.011719,44.0,12.0,0.015,0 0.619141 0.897461 0.042969 0.011719
train2,251_5929.jpg,0,0.043945,0.009766,45.0,10.0,0.015,0 0.687988 0.900391 0.043945 0.009766
train2,251_5991.jpg,0,0.049805,0.008789,51.0,9.0,0.015,0 0.645020 0.899902 0.049805 0.008789
train2,251_6023.jpg,0,0.050781,0.010742,52.0,11.0,0.015,0 0.669922 0.899902 0.050781 0.010742
train2,251_6437.jpg,0,0.008789,0.005859,9.0,6.0,0.015,0 0.695801 0.116211 0.008789 0.005859
train2,252_4266.jpg,0,0.043945,0.004883,45.0,5.0,0.015,0 0.129395 0.914551 0.043945 0.004883
train2,252_4279.jpg,0,0.061523,0.013672,63.0,14.0,0.015,0 0.196777 0.906250 0.061523 0.013672
train2,252_4320.jpg,0,0.053711,0.012695,55.0,13.0,0.015,0 0.192871 0.906738 0.053711 0.012695
train2,252_4320.jpg,0,0.041992,0.010742,43.0,11.0,0.015,0 0.118652 0.912598 0.041992 0.010742
train2,252_4383.jpg,0,0.046875,0.010742,48.0,11.0,0.015,0 0.132812 0.911621 0.046875 0.010742
train2,252_4436.jpg,0,0.041016,0.006836,42.0,7.0,0.015,0 0.225586 0.906738 0.041016 0.006836
train2,252_4479.jpg,0,0.050781,0.012695,52.0,13.0,0.015,0 0.357422 0.897949 0.050781 0.012695
train2,252_4479.jpg,0,0.044922,0.012695,46.0,13.0,0.015,0 0.285156 0.900879 0.044922 0.012695
train2,252_4505.jpg,0,0.041992,0.013672,43.0,14.0,0.015,0 0.309082 0.899414 0.041992 0.013672
train2,252_4534.jpg,0,0.049805,0.006836,51.0,7.0,0.015,0 0.449707 0.897949 0.049805 0.006836
train2,252_4586.jpg,0,0.045898,0.012695,47.0,13.0,0.015,0 0.303223 0.899902 0.045898 0.012695
train2,252_4636.jpg,0,0.042969,0.005859,44.0,6.0,0.015,0 0.341797 0.901367 0.042969 0.005859
train2,252_4651.jpg,0,0.045898,0.013672,47.0,14.0,0.015,0 0.326660 0.898438 0.045898 0.013672
train2,252_6220.jpg,0,0.068359,0.005859,70.0,6.0,0.015,0 0.807617 0.910156 0.068359 0.005859
train2,252_6276.jpg,0,0.056641,0.012695,58.0,13.0,0.015,0 0.778320 0.904785 0.056641 0.012695
train2,252_6285.jpg,0,0.052734,0.013672,54.0,14.0,0.015,0 0.791016 0.904297 0.052734 0.013672
train2,252_6285.jpg,0,0.047852,0.002930,49.0,3.0,0.015,0 0.773926 0.908691 0.047852 0.002930
train2,252_6304.jpg,0,0.043945,0.011719,45.0,12.0,0.015,0 0.922363 0.915039 0.043945 0.011719
train2,252_6317.jpg,0,0.051758,0.013672,53.0,14.0,0.015,0 0.861816 0.909180 0.051758 0.013672
train2,252_6328.jpg,0,0.043945,0.014648,45.0,15.0,0.015,0 0.787598 0.903809 0.043945 0.014648
train2,252_6347.jpg,0,0.048828,0.011719,50.0,12.0,0.015,0 0.842773 0.909180 0.048828 0.011719
train2,252_6354.jpg,0,0.047852,0.007812,49.0,8.0,0.015,0 0.752441 0.905273 0.047852 0.007812
train2,252_6385.jpg,0,0.044922,0.010742,46.0,11.0,0.015,0 0.724609 0.901855 0.044922 0.010742
train2,252_6473.jpg,0,0.041016,0.014648,42.0,15.0,0.015,0 0.701172 0.898926 0.041016 0.014648
train2,252_6473.jpg,0,0.041992,0.009766,43.0,10.0,0.015,0 0.613770 0.898438 0.041992 0.009766
train2,252_6505.jpg,0,0.046875,0.012695,48.0,13.0,0.015,0 0.644531 0.897949 0.046875 0.012695
train2,252_6513.jpg,0,0.047852,0.009766,49.0,10.0,0.015,0 0.721191 0.902344 0.047852 0.009766
train2,256_17944.jpg,0,0.009766,0.028320,10.0,29.0,0.015,0 0.995117 0.169434 0.009766 0.028320
train2,256_18004.jpg,0,0.012695,0.031250,13.0,32.0,0.015,0 0.993652 0.139648 0.012695 0.031250
train2,256_18447.jpg,0,0.013672,0.028320,14.0,29.0,0.015,0 0.006836 0.214355 0.013672 0.028320
train2,256_18511.jpg,0,0.010742,0.031250,11.0,32.0,0.015,0 0.005371 0.168945 0.010742 0.031250
train2,28_2044.jpg,0,0.013672,0.020508,14.0,21.0,0.015,0 0.988281 0.323730 0.013672 0.020508
train2,28_2045.jpg,0,0.013672,0.020508,14.0,21.0,0.015,0 0.985352 0.321777 0.013672 0.020508
train2,28_2046.jpg,0,0.013672,0.020508,14.0,21.0,0.015,0 0.983398 0.319824 0.013672 0.020508
train2,28_2047.jpg,0,0.013672,0.020508,14.0,21.0,0.015,0 0.980469 0.317871 0.013672 0.020508
train2,28_2048.jpg,0,0.013672,0.020508,14.0,21.0,0.015,0 0.977539 0.315918 0.013672 0.020508
train2,28_2049.jpg,0,0.013672,0.020508,14.0,21.0,0.015,0 0.975586 0.313965 0.013672 0.020508
train2,28_2050.jpg,0,0.013672,0.020508,14.0,21.0,0.015,0 0.972656 0.311035 0.013672 0.020508
train2,28_2051.jpg,0,0.013672,0.020508,14.0,21.0,0.015,0 0.969727 0.309082 0.013672 0.020508
train2,28_2052.jpg,0,0.013672,0.020508,14.0,21.0,0.015,0 0.966797 0.307129 0.013672 0.020508
train2,28_2053.jpg,0,0.013672,0.020508,14.0,21.0,0.015,0 0.964844 0.305176 0.013672 0.020508
train2,28_2054.jpg,0,0.013672,0.020508,14.0,21.0,0.015,0 0.961914 0.303223 0.013672 0.020508
train2,28_2054.jpg,0,0.011719,0.010742,12.0,11.0,0.015,0 0.992188 0.292480 0.011719 0.010742
train2,28_2055.jpg,0,0.013672,0.020508,14.0,21.0,0.015,0 0.959961 0.301270 0.013672 0.020508
train2,28_2055.jpg,0,0.011719,0.010742,12.0,11.0,0.015,0 0.989258 0.290527 0.011719 0.010742
train2,28_2056.jpg,0,0.013672,0.020508,14.0,21.0,0.015,0 0.957031 0.298340 0.013672 0.020508
train2,28_2056.jpg,0,0.011719,0.010742,12.0,11.0,0.015,0 0.987305 0.288574 0.011719 0.010742
train2,28_2057.jpg,0,0.013672,0.020508,14.0,21.0,0.015,0 0.955078 0.296387 0.013672 0.020508
train2,28_2057.jpg,0,0.011719,0.010742,12.0,11.0,0.015,0 0.984375 0.286621 0.011719 0.010742
train2,28_2058.jpg,0,0.013672,0.020508,14.0,21.0,0.015,0 0.952148 0.294434 0.013672 0.020508
train2,28_2058.jpg,0,0.011719,0.010742,12.0,11.0,0.015,0 0.982422 0.284668 0.011719 0.010742
train2,28_2059.jpg,0,0.013672,0.020508,14.0,21.0,0.015,0 0.950195 0.292480 0.013672 0.020508
train2,28_2059.jpg,0,0.011719,0.010742,12.0,11.0,0.015,0 0.979492 0.283691 0.011719 0.010742
train2,28_2060.jpg,0,0.013672,0.020508,14.0,21.0,0.015,0 0.947266 0.289551 0.013672 0.020508
train2,28_2060.jpg,0,0.011719,0.010742,12.0,11.0,0.015,0 0.976562 0.281738 0.011719 0.010742
train2,28_2061.jpg,0,0.013672,0.020508,14.0,21.0,0.015,0 0.945312 0.287598 0.013672 0.020508
train2,28_2061.jpg,0,0.011719,0.010742,12.0,11.0,0.015,0 0.974609 0.279785 0.011719 0.010742
train2,28_2062.jpg,0,0.013672,0.020508,14.0,21.0,0.015,0 0.942383 0.285645 0.013672 0.020508
train2,28_2062.jpg,0,0.011719,0.010742,12.0,11.0,0.015,0 0.971680 0.277832 0.011719 0.010742
train2,28_2063.jpg,0,0.013672,0.020508,14.0,21.0,0.015,0 0.940430 0.282715 0.013672 0.020508
train2,28_2063.jpg,0,0.011719,0.010742,12.0,11.0,0.015,0 0.969727 0.275879 0.011719 0.010742
train2,28_2064.jpg,0,0.013672,0.020508,14.0,21.0,0.015,0 0.934570 0.278809 0.013672 0.020508
train2,28_2064.jpg,0,0.011719,0.010742,12.0,11.0,0.015,0 0.966797 0.273926 0.011719 0.010742
train2,28_2064.jpg,0,0.014648,0.015625,15.0,16.0,0.015,0 0.975098 0.292969 0.014648 0.015625
train2,28_2064.jpg,0,0.013672,0.040039,14.0,41.0,0.015,0 0.993164 0.255371 0.013672 0.040039
train2,28_2065.jpg,0,0.013672,0.020508,14.0,21.0,0.015,0 0.932617 0.277832 0.013672 0.020508
train2,28_2065.jpg,0,0.011719,0.010742,12.0,11.0,0.015,0 0.964844 0.272949 0.011719 0.010742
train2,28_2065.jpg,0,0.014648,0.015625,15.0,16.0,0.015,0 0.973145 0.291992 0.014648 0.015625
train2,28_2066.jpg,0,0.013672,0.020508,14.0,21.0,0.015,0 0.930664 0.275879 0.013672 0.020508
train2,28_2066.jpg,0,0.011719,0.010742,12.0,11.0,0.015,0 0.962891 0.270996 0.011719 0.010742
train2,28_2066.jpg,0,0.014648,0.015625,15.0,16.0,0.015,0 0.971191 0.290039 0.014648 0.015625
train2,28_2067.jpg,0,0.013672,0.020508,14.0,21.0,0.015,0 0.927734 0.274902 0.013672 0.020508
train2,28_2067.jpg,0,0.011719,0.010742,12.0,11.0,0.015,0 0.959961 0.270020 0.011719 0.010742
train2,28_2067.jpg,0,0.014648,0.015625,15.0,16.0,0.015,0 0.968262 0.289062 0.014648 0.015625
train2,28_2068.jpg,0,0.013672,0.020508,14.0,21.0,0.015,0 0.925781 0.272949 0.013672 0.020508
train2,28_2068.jpg,0,0.011719,0.010742,12.0,11.0,0.015,0 0.958008 0.268066 0.011719 0.010742
train2,28_2068.jpg,0,0.014648,0.015625,15.0,16.0,0.015,0 0.966309 0.287109 0.014648 0.015625
train2,28_2069.jpg,0,0.013672,0.020508,14.0,21.0,0.015,0 0.923828 0.271973 0.013672 0.020508
train2,28_2069.jpg,0,0.011719,0.010742,12.0,11.0,0.015,0 0.956055 0.267090 0.011719 0.010742
train2,28_2069.jpg,0,0.014648,0.015625,15.0,16.0,0.015,0 0.964355 0.286133 0.014648 0.015625
train2,28_2070.jpg,0,0.013672,0.020508,14.0,21.0,0.015,0 0.921875 0.270996 0.013672 0.020508
train2,28_2070.jpg,0,0.011719,0.010742,12.0,11.0,0.015,0 0.954102 0.266113 0.011719 0.010742
train2,28_2070.jpg,0,0.014648,0.015625,15.0,16.0,0.015,0 0.962402 0.285156 0.014648 0.015625
train2,28_2071.jpg,0,0.013672,0.020508,14.0,21.0,0.015,0 0.919922 0.269043 0.013672 0.020508
train2,28_2071.jpg,0,0.011719,0.010742,12.0,11.0,0.015,0 0.952148 0.264160 0.011719 0.010742
train2,28_2071.jpg,0,0.014648,0.015625,15.0,16.0,0.015,0 0.960449 0.283203 0.014648 0.015625
train2,28_2072.jpg,0,0.013672,0.020508,14.0,21.0,0.015,0 0.916992 0.268066 0.013672 0.020508
train2,28_2072.jpg,0,0.011719,0.010742,12.0,11.0,0.015,0 0.949219 0.263184 0.011719 0.010742
train2,28_2072.jpg,0,0.014648,0.015625,15.0,16.0,0.015,0 0.957520 0.282227 0.014648 0.015625
train2,28_2073.jpg,0,0.013672,0.020508,14.0,21.0,0.015,0 0.915039 0.266113 0.013672 0.020508
train2,28_2073.jpg,0,0.011719,0.010742,12.0,11.0,0.015,0 0.947266 0.261230 0.011719 0.010742
train2,28_2073.jpg,0,0.014648,0.015625,15.0,16.0,0.015,0 0.955566 0.280273 0.014648 0.015625
train2,28_2073.jpg,0,0.015625,0.014648,16.0,15.0,0.015,0 0.976562 0.268066 0.015625 0.014648
train2,28_2074.jpg,0,0.013672,0.020508,14.0,21.0,0.015,0 0.913086 0.265137 0.013672 0.020508
train2,28_2074.jpg,0,0.011719,0.010742,12.0,11.0,0.015,0 0.945312 0.260254 0.011719 0.010742
train2,28_2074.jpg,0,0.014648,0.015625,15.0,16.0,0.015,0 0.953613 0.279297 0.014648 0.015625
train2,28_2075.jpg,0,0.013672,0.020508,14.0,21.0,0.015,0 0.911133 0.263184 0.013672 0.020508
train2,28_2075.jpg,0,0.011719,0.010742,12.0,11.0,0.015,0 0.943359 0.258301 0.011719 0.010742
train2,28_2075.jpg,0,0.014648,0.015625,15.0,16.0,0.015,0 0.951660 0.277344 0.014648 0.015625
train2,28_2076.jpg,0,0.013672,0.020508,14.0,21.0,0.015,0 0.908203 0.261230 0.013672 0.020508
train2,28_2076.jpg,0,0.011719,0.010742,12.0,11.0,0.015,0 0.940430 0.256348 0.011719 0.010742
train2,28_2076.jpg,0,0.014648,0.015625,15.0,16.0,0.015,0 0.948730 0.275391 0.014648 0.015625
train2,28_2077.jpg,0,0.013672,0.020508,14.0,21.0,0.015,0 0.906250 0.259277 0.013672 0.020508
train2,28_2077.jpg,0,0.011719,0.010742,12.0,11.0,0.015,0 0.938477 0.254395 0.011719 0.010742
train2,28_2077.jpg,0,0.014648,0.015625,15.0,16.0,0.015,0 0.946777 0.273438 0.014648 0.015625
train2,28_2078.jpg,0,0.013672,0.020508,14.0,21.0,0.015,0 0.903320 0.257324 0.013672 0.020508
train2,28_2078.jpg,0,0.011719,0.010742,12.0,11.0,0.015,0 0.935547 0.252441 0.011719 0.010742
train2,28_2078.jpg,0,0.014648,0.015625,15.0,16.0,0.015,0 0.943848 0.271484 0.014648 0.015625
train2,28_2079.jpg,0,0.013672,0.020508,14.0,21.0,0.015,0 0.901367 0.255371 0.013672 0.020508
train2,28_2079.jpg,0,0.011719,0.010742,12.0,11.0,0.015,0 0.933594 0.250488 0.011719 0.010742
train2,28_2079.jpg,0,0.014648,0.015625,15.0,16.0,0.015,0 0.941895 0.269531 0.014648 0.015625
train2,28_2080.jpg,0,0.013672,0.020508,14.0,21.0,0.015,0 0.899414 0.252441 0.013672 0.020508
train2,28_2080.jpg,0,0.011719,0.010742,12.0,11.0,0.015,0 0.931641 0.247559 0.011719 0.010742
train2,28_2080.jpg,0,0.014648,0.015625,15.0,16.0,0.015,0 0.939941 0.266602 0.014648 0.015625
train2,28_2080.jpg,0,0.015625,0.014648,16.0,15.0,0.015,0 0.960938 0.251465 0.015625 0.014648
train2,28_2081.jpg,0,0.013672,0.020508,14.0,21.0,0.015,0 0.896484 0.250488 0.013672 0.020508
train2,28_2081.jpg,0,0.011719,0.010742,12.0,11.0,0.015,0 0.928711 0.245605 0.011719 0.010742
train2,28_2081.jpg,0,0.014648,0.015625,15.0,16.0,0.015,0 0.937012 0.264648 0.014648 0.015625
train2,28_2082.jpg,0,0.013672,0.020508,14.0,21.0,0.015,0 0.894531 0.248535 0.013672 0.020508
train2,28_2082.jpg,0,0.011719,0.010742,12.0,11.0,0.015,0 0.926758 0.243652 0.011719 0.010742
train2,28_2082.jpg,0,0.014648,0.015625,15.0,16.0,0.015,0 0.935059 0.262695 0.014648 0.015625
train2,28_2083.jpg,0,0.013672,0.020508,14.0,21.0,0.015,0 0.891602 0.246582 0.013672 0.020508
train2,28_2083.jpg,0,0.011719,0.010742,12.0,11.0,0.015,0 0.923828 0.241699 0.011719 0.010742
train2,28_2083.jpg,0,0.014648,0.015625,15.0,16.0,0.015,0 0.932129 0.260742 0.014648 0.015625
train2,28_2084.jpg,0,0.013672,0.020508,14.0,21.0,0.015,0 0.886719 0.241699 0.013672 0.020508
train2,28_2084.jpg,0,0.011719,0.010742,12.0,11.0,0.015,0 0.920898 0.238770 0.011719 0.010742
train2,28_2084.jpg,0,0.014648,0.015625,15.0,16.0,0.015,0 0.929199 0.255859 0.014648 0.015625
train2,28_2085.jpg,0,0.013672,0.020508,14.0,21.0,0.015,0 0.884766 0.240723 0.013672 0.020508
train2,28_2085.jpg,0,0.011719,0.010742,12.0,11.0,0.015,0 0.918945 0.237793 0.011719 0.010742
train2,28_2085.jpg,0,0.014648,0.015625,15.0,16.0,0.015,0 0.927246 0.254883 0.014648 0.015625
train2,28_2086.jpg,0,0.013672,0.020508,14.0,21.0,0.015,0 0.882812 0.238770 0.013672 0.020508
train2,28_2086.jpg,0,0.011719,0.010742,12.0,11.0,0.015,0 0.916992 0.235840 0.011719 0.010742
train2,28_2086.jpg,0,0.014648,0.015625,15.0,16.0,0.015,0 0.925293 0.252930 0.014648 0.015625
train2,28_2087.jpg,0,0.013672,0.020508,14.0,21.0,0.015,0 0.880859 0.237793 0.013672 0.020508
train2,28_2087.jpg,0,0.011719,0.010742,12.0,11.0,0.015,0 0.915039 0.234863 0.011719 0.010742
train2,28_2087.jpg,0,0.014648,0.015625,15.0,16.0,0.015,0 0.923340 0.251953 0.014648 0.015625
train2,28_2088.jpg,0,0.013672,0.020508,14.0,21.0,0.015,0 0.878906 0.235840 0.013672 0.020508
train2,28_2088.jpg,0,0.011719,0.010742,12.0,11.0,0.015,0 0.913086 0.232910 0.011719 0.010742
train2,28_2088.jpg,0,0.014648,0.015625,15.0,16.0,0.015,0 0.921387 0.250000 0.014648 0.015625
train2,28_2089.jpg,0,0.013672,0.020508,14.0,21.0,0.015,0 0.876953 0.234863 0.013672 0.020508
train2,28_2089.jpg,0,0.011719,0.010742,12.0,11.0,0.015,0 0.911133 0.231934 0.011719 0.010742
train2,28_2089.jpg,0,0.014648,0.015625,15.0,16.0,0.015,0 0.919434 0.249023 0.014648 0.015625
train2,28_2090.jpg,0,0.013672,0.020508,14.0,21.0,0.015,0 0.875000 0.233887 0.013672 0.020508
train2,28_2090.jpg,0,0.011719,0.010742,12.0,11.0,0.015,0 0.909180 0.230957 0.011719 0.010742
train2,28_2090.jpg,0,0.014648,0.015625,15.0,16.0,0.015,0 0.917480 0.248047 0.014648 0.015625
train2,28_2091.jpg,0,0.013672,0.020508,14.0,21.0,0.015,0 0.873047 0.231934 0.013672 0.020508
train2,28_2091.jpg,0,0.011719,0.010742,12.0,11.0,0.015,0 0.907227 0.229004 0.011719 0.010742
train2,28_2091.jpg,0,0.014648,0.015625,15.0,16.0,0.015,0 0.915527 0.246094 0.014648 0.015625
train2,28_2092.jpg,0,0.013672,0.020508,14.0,21.0,0.015,0 0.871094 0.230957 0.013672 0.020508
train2,28_2092.jpg,0,0.011719,0.010742,12.0,11.0,0.015,0 0.905273 0.228027 0.011719 0.010742
train2,28_2092.jpg,0,0.014648,0.015625,15.0,16.0,0.015,0 0.913574 0.245117 0.014648 0.015625
train2,28_2093.jpg,0,0.013672,0.020508,14.0,21.0,0.015,0 0.869141 0.229004 0.013672 0.020508
train2,28_2093.jpg,0,0.011719,0.010742,12.0,11.0,0.015,0 0.903320 0.226074 0.011719 0.010742
train2,28_2093.jpg,0,0.014648,0.015625,15.0,16.0,0.015,0 0.911621 0.243164 0.014648 0.015625
train2,28_2094.jpg,0,0.013672,0.020508,14.0,21.0,0.015,0 0.867188 0.228027 0.013672 0.020508
train2,28_2094.jpg,0,0.011719,0.010742,12.0,11.0,0.015,0 0.901367 0.225098 0.011719 0.010742
train2,28_2094.jpg,0,0.014648,0.015625,15.0,16.0,0.015,0 0.909668 0.242188 0.014648 0.015625
train2,28_2095.jpg,0,0.013672,0.020508,14.0,21.0,0.015,0 0.864258 0.226074 0.013672 0.020508
train2,28_2095.jpg,0,0.011719,0.010742,12.0,11.0,0.015,0 0.898438 0.223145 0.011719 0.010742
train2,28_2095.jpg,0,0.014648,0.015625,15.0,16.0,0.015,0 0.906738 0.240234 0.014648 0.015625
train2,28_2096.jpg,0,0.013672,0.020508,14.0,21.0,0.015,0 0.861328 0.223145 0.013672 0.020508
train2,28_2096.jpg,0,0.011719,0.010742,12.0,11.0,0.015,0 0.895508 0.220215 0.011719 0.010742
train2,28_2096.jpg,0,0.014648,0.015625,15.0,16.0,0.015,0 0.903809 0.237305 0.014648 0.015625
train2,28_2097.jpg,0,0.013672,0.020508,14.0,21.0,0.015,0 0.858398 0.221191 0.013672 0.020508
train2,28_2097.jpg,0,0.011719,0.010742,12.0,11.0,0.015,0 0.892578 0.218262 0.011719 0.010742
train2,28_2097.jpg,0,0.014648,0.015625,15.0,16.0,0.015,0 0.900879 0.235352 0.014648 0.015625
train2,28_2098.jpg,0,0.013672,0.020508,14.0,21.0,0.015,0 0.855469 0.219238 0.013672 0.020508
train2,28_2098.jpg,0,0.011719,0.010742,12.0,11.0,0.015,0 0.889648 0.216309 0.011719 0.010742
train2,28_2098.jpg,0,0.014648,0.015625,15.0,16.0,0.015,0 0.897949 0.233398 0.014648 0.015625
train2,28_2099.jpg,0,0.013672,0.020508,14.0,21.0,0.015,0 0.852539 0.217285 0.013672 0.020508
train2,28_2099.jpg,0,0.011719,0.010742,12.0,11.0,0.015,0 0.886719 0.214355 0.011719 0.010742
train2,28_2099.jpg,0,0.014648,0.015625,15.0,16.0,0.015,0 0.895020 0.231445 0.014648 0.015625
train2,28_2100.jpg,0,0.013672,0.020508,14.0,21.0,0.015,0 0.848633 0.214355 0.013672 0.020508
train2,28_2100.jpg,0,0.011719,0.010742,12.0,11.0,0.015,0 0.882812 0.211426 0.011719 0.010742
train2,28_2100.jpg,0,0.014648,0.015625,15.0,16.0,0.015,0 0.891113 0.228516 0.014648 0.015625
train2,28_2101.jpg,0,0.013672,0.020508,14.0,21.0,0.015,0 0.845703 0.212402 0.013672 0.020508
train2,28_2101.jpg,0,0.011719,0.010742,12.0,11.0,0.015,0 0.879883 0.209473 0.011719 0.010742
train2,28_2101.jpg,0,0.014648,0.015625,15.0,16.0,0.015,0 0.888184 0.226562 0.014648 0.015625
train2,28_2102.jpg,0,0.013672,0.020508,14.0,21.0,0.015,0 0.842773 0.210449 0.013672 0.020508
train2,28_2102.jpg,0,0.011719,0.010742,12.0,11.0,0.015,0 0.876953 0.207520 0.011719 0.010742
train2,28_2102.jpg,0,0.014648,0.015625,15.0,16.0,0.015,0 0.885254 0.224609 0.014648 0.015625
train2,28_2103.jpg,0,0.013672,0.020508,14.0,21.0,0.015,0 0.839844 0.207520 0.013672 0.020508
train2,28_2103.jpg,0,0.011719,0.010742,12.0,11.0,0.015,0 0.874023 0.204590 0.011719 0.010742
train2,28_2103.jpg,0,0.014648,0.015625,15.0,16.0,0.015,0 0.882324 0.221680 0.014648 0.015625
train2,28_2104.jpg,0,0.013672,0.020508,14.0,21.0,0.015,0 0.836914 0.205566 0.013672 0.020508
train2,28_2104.jpg,0,0.011719,0.010742,12.0,11.0,0.015,0 0.871094 0.202637 0.011719 0.010742
train2,28_2104.jpg,0,0.014648,0.015625,15.0,16.0,0.015,0 0.879395 0.219727 0.014648 0.015625
train2,28_2105.jpg,0,0.013672,0.020508,14.0,21.0,0.015,0 0.834961 0.203613 0.013672 0.020508
train2,28_2105.jpg,0,0.011719,0.010742,12.0,11.0,0.015,0 0.869141 0.200684 0.011719 0.010742
train2,28_2105.jpg,0,0.014648,0.015625,15.0,16.0,0.015,0 0.877441 0.217773 0.014648 0.015625
train2,28_2106.jpg,0,0.013672,0.020508,14.0,21.0,0.015,0 0.832031 0.202637 0.013672 0.020508
train2,28_2106.jpg,0,0.011719,0.010742,12.0,11.0,0.015,0 0.866211 0.199707 0.011719 0.010742
train2,28_2106.jpg,0,0.014648,0.015625,15.0,16.0,0.015,0 0.874512 0.216797 0.014648 0.015625
train2,28_2107.jpg,0,0.013672,0.020508,14.0,21.0,0.015,0 0.830078 0.200684 0.013672 0.020508
train2,28_2107.jpg,0,0.011719,0.010742,12.0,11.0,0.015,0 0.864258 0.197754 0.011719 0.010742
train2,28_2107.jpg,0,0.014648,0.015625,15.0,16.0,0.015,0 0.872559 0.214844 0.014648 0.015625
train2,28_2108.jpg,0,0.013672,0.020508,14.0,21.0,0.015,0 0.827148 0.199707 0.013672 0.020508
train2,28_2108.jpg,0,0.011719,0.010742,12.0,11.0,0.015,0 0.861328 0.196777 0.011719 0.010742
train2,28_2108.jpg,0,0.014648,0.015625,15.0,16.0,0.015,0 0.869629 0.213867 0.014648 0.015625
train2,28_2109.jpg,0,0.013672,0.020508,14.0,21.0,0.015,0 0.825195 0.197754 0.013672 0.020508
train2,28_2109.jpg,0,0.011719,0.010742,12.0,11.0,0.015,0 0.859375 0.194824 0.011719 0.010742
train2,28_2109.jpg,0,0.014648,0.015625,15.0,16.0,0.015,0 0.867676 0.211914 0.014648 0.015625
train2,28_2110.jpg,0,0.013672,0.020508,14.0,21.0,0.015,0 0.822266 0.195801 0.013672 0.020508
train2,28_2110.jpg,0,0.011719,0.010742,12.0,11.0,0.015,0 0.856445 0.192871 0.011719 0.010742
train2,28_2110.jpg,0,0.014648,0.015625,15.0,16.0,0.015,0 0.864746 0.209961 0.014648 0.015625
train2,28_2111.jpg,0,0.013672,0.020508,14.0,21.0,0.015,0 0.820312 0.194824 0.013672 0.020508
train2,28_2111.jpg,0,0.011719,0.010742,12.0,11.0,0.015,0 0.854492 0.191895 0.011719 0.010742
train2,28_2111.jpg,0,0.014648,0.015625,15.0,16.0,0.015,0 0.862793 0.208984 0.014648 0.015625
train2,28_2112.jpg,0,0.013672,0.020508,14.0,21.0,0.015,0 0.817383 0.192871 0.013672 0.020508
train2,28_2112.jpg,0,0.011719,0.010742,12.0,11.0,0.015,0 0.851562 0.189941 0.011719 0.010742
train2,28_2112.jpg,0,0.014648,0.015625,15.0,16.0,0.015,0 0.859863 0.207031 0.014648 0.015625
train2,28_2113.jpg,0,0.013672,0.020508,14.0,21.0,0.015,0 0.815430 0.191895 0.013672 0.020508
train2,28_2113.jpg,0,0.011719,0.010742,12.0,11.0,0.015,0 0.849609 0.188965 0.011719 0.010742
train2,28_2113.jpg,0,0.014648,0.015625,15.0,16.0,0.015,0 0.857910 0.206055 0.014648 0.015625
train2,28_2114.jpg,0,0.013672,0.020508,14.0,21.0,0.015,0 0.816406 0.192871 0.013672 0.020508
train2,28_2114.jpg,0,0.011719,0.010742,12.0,11.0,0.015,0 0.840820 0.187988 0.011719 0.010742
train2,28_2114.jpg,0,0.014648,0.015625,15.0,16.0,0.015,0 0.858887 0.207031 0.014648 0.015625
train2,28_2120.jpg,0,0.013672,0.020508,14.0,21.0,0.015,0 0.802734 0.183105 0.013672 0.020508
train2,28_3806.jpg,0,0.012695,0.041992,13.0,43.0,0.015,0 0.993652 0.378418 0.012695 0.041992
train2,295_18123.jpg,0,0.009766,0.041992,10.0,43.0,0.015,0 0.004883 0.220215 0.009766 0.041992
train2,29_3712.jpg,0,0.014648,0.031250,15.0,32.0,0.015,0 0.992676 0.155273 0.014648 0.031250
train2,29_3851.jpg,0,0.014648,0.034180,15.0,35.0,0.015,0 0.992676 0.372559 0.014648 0.034180
train2,301_2751.jpg,0,0.008789,0.031250,9.0,32.0,0.015,0 0.995605 0.469727 0.008789 0.031250
train2,31_2005.jpg,0,0.015625,0.012695,16.0,13.0,0.015,0 0.978516 0.330566 0.015625 0.012695
train2,31_2006.jpg,0,0.015625,0.012695,16.0,13.0,0.015,0 0.976562 0.329590 0.015625 0.012695
train2,31_2007.jpg,0,0.015625,0.012695,16.0,13.0,0.015,0 0.974609 0.327637 0.015625 0.012695
train2,31_2008.jpg,0,0.015625,0.012695,16.0,13.0,0.015,0 0.972656 0.326660 0.015625 0.012695
train2,31_2009.jpg,0,0.015625,0.012695,16.0,13.0,0.015,0 0.970703 0.324707 0.015625 0.012695
train2,31_2010.jpg,0,0.015625,0.012695,16.0,13.0,0.015,0 0.968750 0.323730 0.015625 0.012695
train2,31_2011.jpg,0,0.015625,0.012695,16.0,13.0,0.015,0 0.965820 0.322754 0.015625 0.012695
train2,31_2012.jpg,0,0.015625,0.012695,16.0,13.0,0.015,0 0.963867 0.320801 0.015625 0.012695
train2,31_2013.jpg,0,0.015625,0.012695,16.0,13.0,0.015,0 0.961914 0.319824 0.015625 0.012695
train2,31_2014.jpg,0,0.015625,0.012695,16.0,13.0,0.015,0 0.959961 0.317871 0.015625 0.012695
train2,31_2015.jpg,0,0.015625,0.012695,16.0,13.0,0.015,0 0.958008 0.316895 0.015625 0.012695
train2,31_2016.jpg,0,0.015625,0.012695,16.0,13.0,0.015,0 0.956055 0.314941 0.015625 0.012695
train2,31_2017.jpg,0,0.015625,0.012695,16.0,13.0,0.015,0 0.953125 0.312988 0.015625 0.012695
train2,31_2018.jpg,0,0.015625,0.012695,16.0,13.0,0.015,0 0.951172 0.312012 0.015625 0.012695
train2,31_2019.jpg,0,0.015625,0.012695,16.0,13.0,0.015,0 0.948242 0.310059 0.015625 0.012695
train2,31_2020.jpg,0,0.015625,0.012695,16.0,13.0,0.015,0 0.946289 0.308105 0.015625 0.012695
train2,31_2021.jpg,0,0.015625,0.012695,16.0,13.0,0.015,0 0.943359 0.306152 0.015625 0.012695
train2,31_2022.jpg,0,0.015625,0.012695,16.0,13.0,0.015,0 0.941406 0.304199 0.015625 0.012695
train2,31_2023.jpg,0,0.015625,0.012695,16.0,13.0,0.015,0 0.938477 0.303223 0.015625 0.012695
train2,31_2024.jpg,0,0.015625,0.012695,16.0,13.0,0.015,0 0.936523 0.301270 0.015625 0.012695
train2,31_2025.jpg,0,0.015625,0.012695,16.0,13.0,0.015,0 0.933594 0.299316 0.015625 0.012695
train2,31_2025.jpg,0,0.014648,0.018555,15.0,19.0,0.015,0 0.992676 0.301270 0.014648 0.018555
train2,31_2026.jpg,0,0.015625,0.012695,16.0,13.0,0.015,0 0.931641 0.297363 0.015625 0.012695
train2,31_2027.jpg,0,0.015625,0.012695,16.0,13.0,0.015,0 0.930664 0.296387 0.015625 0.012695
train2,31_2028.jpg,0,0.015625,0.012695,16.0,13.0,0.015,0 0.928711 0.294434 0.015625 0.012695
train2,31_2029.jpg,0,0.015625,0.012695,16.0,13.0,0.015,0 0.926758 0.293457 0.015625 0.012695
train2,31_2030.jpg,0,0.015625,0.012695,16.0,13.0,0.015,0 0.925781 0.291504 0.015625 0.012695
train2,31_2031.jpg,0,0.015625,0.012695,16.0,13.0,0.015,0 0.923828 0.289551 0.015625 0.012695
train2,31_2032.jpg,0,0.015625,0.012695,16.0,13.0,0.015,0 0.921875 0.288574 0.015625 0.012695
train2,31_2033.jpg,0,0.015625,0.012695,16.0,13.0,0.015,0 0.919922 0.286621 0.015625 0.012695
train2,31_2034.jpg,0,0.015625,0.012695,16.0,13.0,0.015,0 0.918945 0.285645 0.015625 0.012695
train2,31_2035.jpg,0,0.015625,0.012695,16.0,13.0,0.015,0 0.916992 0.283691 0.015625 0.012695
train2,31_2036.jpg,0,0.015625,0.012695,16.0,13.0,0.015,0 0.915039 0.281738 0.015625 0.012695
train2,31_2037.jpg,0,0.015625,0.012695,16.0,13.0,0.015,0 0.912109 0.280762 0.015625 0.012695
train2,31_2038.jpg,0,0.015625,0.012695,16.0,13.0,0.015,0 0.910156 0.278809 0.015625 0.012695
train2,31_2039.jpg,0,0.015625,0.012695,16.0,13.0,0.015,0 0.907227 0.276855 0.015625 0.012695
train2,31_2040.jpg,0,0.015625,0.012695,16.0,13.0,0.015,0 0.905273 0.275879 0.015625 0.012695
train2,31_2041.jpg,0,0.015625,0.012695,16.0,13.0,0.015,0 0.903320 0.273926 0.015625 0.012695
train2,31_2042.jpg,0,0.015625,0.012695,16.0,13.0,0.015,0 0.900391 0.271973 0.015625 0.012695
train2,31_2043.jpg,0,0.015625,0.012695,16.0,13.0,0.015,0 0.898438 0.270020 0.015625 0.012695
train2,31_2044.jpg,0,0.015625,0.012695,16.0,13.0,0.015,0 0.895508 0.269043 0.015625 0.012695
train2,31_2045.jpg,0,0.015625,0.012695,16.0,13.0,0.015,0 0.893555 0.267090 0.015625 0.012695
train2,31_2046.jpg,0,0.015625,0.012695,16.0,13.0,0.015,0 0.891602 0.265137 0.015625 0.012695
train2,31_2047.jpg,0,0.015625,0.012695,16.0,13.0,0.015,0 0.888672 0.263184 0.015625 0.012695
train2,31_2048.jpg,0,0.015625,0.012695,16.0,13.0,0.015,0 0.886719 0.262207 0.015625 0.012695
train2,31_2049.jpg,0,0.015625,0.012695,16.0,13.0,0.015,0 0.883789 0.260254 0.015625 0.012695
train2,31_2050.jpg,0,0.015625,0.012695,16.0,13.0,0.015,0 0.881836 0.258301 0.015625 0.012695
train2,31_2051.jpg,0,0.015625,0.012695,16.0,13.0,0.015,0 0.878906 0.256348 0.015625 0.012695
train2,31_2052.jpg,0,0.015625,0.012695,16.0,13.0,0.015,0 0.876953 0.254395 0.015625 0.012695
train2,31_2053.jpg,0,0.015625,0.012695,16.0,13.0,0.015,0 0.874023 0.253418 0.015625 0.012695
train2,31_2054.jpg,0,0.015625,0.012695,16.0,13.0,0.015,0 0.872070 0.252441 0.015625 0.012695
train2,31_2055.jpg,0,0.015625,0.012695,16.0,13.0,0.015,0 0.869141 0.250488 0.015625 0.012695
train2,31_2056.jpg,0,0.015625,0.012695,16.0,13.0,0.015,0 0.867188 0.248535 0.015625 0.012695
train2,31_2057.jpg,0,0.015625,0.012695,16.0,13.0,0.015,0 0.865234 0.247559 0.015625 0.012695
train2,31_2058.jpg,0,0.015625,0.012695,16.0,13.0,0.015,0 0.862305 0.245605 0.015625 0.012695
train2,31_2059.jpg,0,0.015625,0.012695,16.0,13.0,0.015,0 0.860352 0.244629 0.015625 0.012695
train2,31_2060.jpg,0,0.015625,0.012695,16.0,13.0,0.015,0 0.858398 0.242676 0.015625 0.012695
train2,31_2061.jpg,0,0.015625,0.012695,16.0,13.0,0.015,0 0.856445 0.240723 0.015625 0.012695
train2,31_2062.jpg,0,0.015625,0.012695,16.0,13.0,0.015,0 0.854492 0.239746 0.015625 0.012695
train2,31_2063.jpg,0,0.015625,0.012695,16.0,13.0,0.015,0 0.851562 0.237793 0.015625 0.012695
train2,31_2064.jpg,0,0.015625,0.012695,16.0,13.0,0.015,0 0.849609 0.236816 0.015625 0.012695
train2,31_2065.jpg,0,0.015625,0.012695,16.0,13.0,0.015,0 0.847656 0.234863 0.015625 0.012695
train2,31_2066.jpg,0,0.015625,0.012695,16.0,13.0,0.015,0 0.845703 0.232910 0.015625 0.012695
train2,31_2067.jpg,0,0.015625,0.012695,16.0,13.0,0.015,0 0.842773 0.231934 0.015625 0.012695
train2,31_2068.jpg,0,0.015625,0.012695,16.0,13.0,0.015,0 0.840820 0.229980 0.015625 0.012695
train2,31_2069.jpg,0,0.015625,0.012695,16.0,13.0,0.015,0 0.837891 0.229004 0.015625 0.012695
train2,31_2070.jpg,0,0.015625,0.012695,16.0,13.0,0.015,0 0.835938 0.227051 0.015625 0.012695
train2,31_2071.jpg,0,0.015625,0.012695,16.0,13.0,0.015,0 0.833984 0.225098 0.015625 0.012695
train2,31_2072.jpg,0,0.015625,0.012695,16.0,13.0,0.015,0 0.831055 0.224121 0.015625 0.012695
train2,31_2073.jpg,0,0.015625,0.012695,16.0,13.0,0.015,0 0.829102 0.222168 0.015625 0.012695
train2,31_2074.jpg,0,0.015625,0.012695,16.0,13.0,0.015,0 0.826172 0.221191 0.015625 0.012695
train2,31_2075.jpg,0,0.015625,0.012695,16.0,13.0,0.015,0 0.824219 0.219238 0.015625 0.012695
train2,31_2076.jpg,0,0.015625,0.012695,16.0,13.0,0.015,0 0.821289 0.217285 0.015625 0.012695
train2,31_2077.jpg,0,0.015625,0.012695,16.0,13.0,0.015,0 0.818359 0.215332 0.015625 0.012695
train2,31_2078.jpg,0,0.015625,0.012695,16.0,13.0,0.015,0 0.815430 0.213379 0.015625 0.012695
train2,31_2079.jpg,0,0.015625,0.012695,16.0,13.0,0.015,0 0.812500 0.211426 0.015625 0.012695
train2,31_2080.jpg,0,0.015625,0.012695,16.0,13.0,0.015,0 0.810547 0.210449 0.015625 0.012695
train2,31_2081.jpg,0,0.015625,0.012695,16.0,13.0,0.015,0 0.807617 0.208496 0.015625 0.012695
train2,31_2082.jpg,0,0.015625,0.012695,16.0,13.0,0.015,0 0.804688 0.206543 0.015625 0.012695
train2,31_2083.jpg,0,0.015625,0.012695,16.0,13.0,0.015,0 0.806641 0.205566 0.015625 0.012695
train2,31_2084.jpg,0,0.015625,0.012695,16.0,13.0,0.015,0 0.803711 0.204590 0.015625 0.012695
train2,31_2085.jpg,0,0.015625,0.012695,16.0,13.0,0.015,0 0.795898 0.199707 0.015625 0.012695
train2,31_2086.jpg,0,0.015625,0.012695,16.0,13.0,0.015,0 0.792969 0.198730 0.015625 0.012695
train2,31_2087.jpg,0,0.015625,0.012695,16.0,13.0,0.015,0 0.790039 0.196777 0.015625 0.012695
train2,31_2088.jpg,0,0.015625,0.012695,16.0,13.0,0.015,0 0.787109 0.195801 0.015625 0.012695
train2,31_2089.jpg,0,0.015625,0.012695,16.0,13.0,0.015,0 0.784180 0.193848 0.015625 0.012695
train2,31_2090.jpg,0,0.015625,0.012695,16.0,13.0,0.015,0 0.782227 0.192871 0.015625 0.012695
train2,31_2091.jpg,0,0.015625,0.012695,16.0,13.0,0.015,0 0.779297 0.190918 0.015625 0.012695
train2,31_2092.jpg,0,0.015625,0.012695,16.0,13.0,0.015,0 0.776367 0.189941 0.015625 0.012695
train2,31_2093.jpg,0,0.015625,0.012695,16.0,13.0,0.015,0 0.773438 0.187988 0.015625 0.012695
train2,31_2094.jpg,0,0.015625,0.012695,16.0,13.0,0.015,0 0.770508 0.187012 0.015625 0.012695
train2,31_2095.jpg,0,0.015625,0.012695,16.0,13.0,0.015,0 0.767578 0.185059 0.015625 0.012695
train2,31_2096.jpg,0,0.015625,0.012695,16.0,13.0,0.015,0 0.765625 0.183105 0.015625 0.012695
train2,31_2097.jpg,0,0.015625,0.012695,16.0,13.0,0.015,0 0.763672 0.181152 0.015625 0.012695
train2,31_2098.jpg,0,0.015625,0.012695,16.0,13.0,0.015,0 0.760742 0.179199 0.015625 0.012695
train2,31_2099.jpg,0,0.015625,0.012695,16.0,13.0,0.015,0 0.758789 0.177246 0.015625 0.012695
train2,31_2100.jpg,0,0.015625,0.012695,16.0,13.0,0.015,0 0.756836 0.175293 0.015625 0.012695
train2,31_2101.jpg,0,0.015625,0.012695,16.0,13.0,0.015,0 0.754883 0.172363 0.015625 0.012695
train2,31_2102.jpg,0,0.015625,0.012695,16.0,13.0,0.015,0 0.752930 0.170410 0.015625 0.012695
train2,31_2103.jpg,0,0.015625,0.012695,16.0,13.0,0.015,0 0.750000 0.168457 0.015625 0.012695
train2,31_2104.jpg,0,0.015625,0.012695,16.0,13.0,0.015,0 0.748047 0.166504 0.015625 0.012695
train2,31_2105.jpg,0,0.015625,0.012695,16.0,13.0,0.015,0 0.746094 0.164551 0.015625 0.012695
train2,31_2106.jpg,0,0.015625,0.012695,16.0,13.0,0.015,0 0.744141 0.162598 0.015625 0.012695
train2,31_2107.jpg,0,0.015625,0.012695,16.0,13.0,0.015,0 0.741211 0.161621 0.015625 0.012695
train2,31_2108.jpg,0,0.015625,0.012695,16.0,13.0,0.015,0 0.739258 0.159668 0.015625 0.012695
train2,31_2109.jpg,0,0.015625,0.012695,16.0,13.0,0.015,0 0.736328 0.158691 0.015625 0.012695
train2,31_2110.jpg,0,0.015625,0.012695,16.0,13.0,0.015,0 0.734375 0.156738 0.015625 0.012695
train2,31_2111.jpg,0,0.015625,0.012695,16.0,13.0,0.015,0 0.732422 0.154785 0.015625 0.012695
train2,31_2112.jpg,0,0.015625,0.012695,16.0,13.0,0.015,0 0.729492 0.153809 0.015625 0.012695
train2,31_2113.jpg,0,0.015625,0.012695,16.0,13.0,0.015,0 0.727539 0.151855 0.015625 0.012695
train2,31_2114.jpg,0,0.015625,0.012695,16.0,13.0,0.015,0 0.724609 0.150879 0.015625 0.012695
train2,31_2115.jpg,0,0.015625,0.012695,16.0,13.0,0.015,0 0.722656 0.148926 0.015625 0.012695
train2,31_2116.jpg,0,0.015625,0.012695,16.0,13.0,0.015,0 0.720703 0.146973 0.015625 0.012695
train2,31_2117.jpg,0,0.015625,0.012695,16.0,13.0,0.015,0 0.717773 0.145996 0.015625 0.012695
train2,31_2118.jpg,0,0.015625,0.012695,16.0,13.0,0.015,0 0.715820 0.144043 0.015625 0.012695
train2,31_2119.jpg,0,0.015625,0.012695,16.0,13.0,0.015,0 0.712891 0.143066 0.015625 0.012695
train2,31_2120.jpg,0,0.015625,0.012695,16.0,13.0,0.015,0 0.710938 0.141113 0.015625 0.012695
train2,31_2121.jpg,0,0.015625,0.012695,16.0,13.0,0.015,0 0.708008 0.139160 0.015625 0.012695
train2,31_2122.jpg,0,0.015625,0.012695,16.0,13.0,0.015,0 0.706055 0.138184 0.015625 0.012695
train2,31_2123.jpg,0,0.015625,0.012695,16.0,13.0,0.015,0 0.703125 0.136230 0.015625 0.012695
train2,31_2124.jpg,0,0.015625,0.012695,16.0,13.0,0.015,0 0.701172 0.135254 0.015625 0.012695
train2,31_3812.jpg,0,0.014648,0.040039,15.0,41.0,0.015,0 0.992676 0.378418 0.014648 0.040039
val2,10_2569.jpg,0,0.028320,0.004883,29.0,5.0,0.015,0 0.656738 0.897949 0.028320 0.004883
val2,10_3079.jpg,0,0.025391,0.013672,26.0,14.0,0.015,0 0.458984 0.891602 0.025391 0.013672
val2,10_3079.jpg,0,0.030273,0.011719,31.0,12.0,0.015,0 0.427246 0.892578 0.030273 0.011719
val2,10_3079.jpg,0,0.039062,0.003906,40.0,4.0,0.015,0 0.378906 0.897461 0.039062 0.003906
val2,10_3079.jpg,0,0.031250,0.001953,32.0,2.0,0.015,0 0.513672 0.896484 0.031250 0.001953
val2,10_3085.jpg,0,0.033203,0.010742,34.0,11.0,0.015,0 0.377930 0.894043 0.033203 0.010742
val2,10_3105.jpg,0,0.035156,0.005859,36.0,6.0,0.015,0 0.714844 0.900391 0.035156 0.005859
val2,10_3135.jpg,0,0.035156,0.013672,36.0,14.0,0.015,0 0.261719 0.897461 0.035156 0.013672
val2,10_3148.jpg,0,0.035156,0.010742,36.0,11.0,0.015,0 0.227539 0.900879 0.035156 0.010742
test2,161_6305.jpg,0,0.013672,0.046875,14.0,48.0,0.015,0 0.006836 0.798828 0.013672 0.046875
test2,161_6315.jpg,0,0.014648,0.044922,15.0,46.0,0.015,0 0.007324 0.772461 0.014648 0.044922
test2,161_6335.jpg,0,0.013672,0.035156,14.0,36.0,0.015,0 0.008789 0.742188 0.013672 0.035156
test2,161_6335.jpg,0,0.008789,0.031250,9.0,32.0,0.015,0 0.004395 0.778320 0.008789 0.031250
test2,161_6365.jpg,0,0.045898,0.008789,47.0,9.0,0.015,0 0.228027 0.895996 0.045898 0.008789
test2,161_7829.jpg,0,0.051758,0.011719,53.0,12.0,0.015,0 0.325684 0.888672 0.051758 0.011719
test2,161_7999.jpg,0,0.040039,0.007812,41.0,8.0,0.015,0 0.305176 0.891602 0.040039 0.007812
test2,161_8413.jpg,0,0.027344,0.008789,28.0,9.0,0.015,0 0.986328 0.911621 0.027344 0.008789
test2,161_8423.jpg,0,0.013672,0.063477,14.0,65.0,0.015,0 0.993164 0.673340 0.013672 0.063477
test2,161_8443.jpg,0,0.013672,0.057617,14.0,59.0,0.015,0 0.993164 0.679199 0.013672 0.057617
test2,162_7719.jpg,0,0.034180,0.012695,35.0,13.0,0.015,0 0.238770 0.892090 0.034180 0.012695
test2,162_7720.jpg,0,0.034180,0.009766,35.0,10.0,0.015,0 0.238770 0.893555 0.034180 0.009766
test2,162_7723.jpg,0,0.039062,0.014648,40.0,15.0,0.015,0 0.186523 0.895020 0.039062 0.014648
test2,162_7726.jpg,0,0.039062,0.005859,40.0,6.0,0.015,0 0.190430 0.899414 0.039062 0.005859
test2,162_7727.jpg,0,0.020508,0.011719,21.0,12.0,0.015,0 0.210449 0.894531 0.020508 0.011719
test2,162_8450.jpg,0,0.012695,0.028320,13.0,29.0,0.015,0 0.993652 0.825684 0.012695 0.028320
test2,163_6123.jpg,0,0.009766,0.040039,10.0,41.0,0.015,0 0.007812 0.734863 0.009766 0.040039
test2,163_6133.jpg,0,0.008789,0.029297,9.0,30.0,0.015,0 0.004395 0.816406 0.008789 0.029297
test2,163_6143.jpg,0,0.007812,0.040039,8.0,41.0,0.015,0 0.003906 0.778809 0.007812 0.040039
test2,163_6173.jpg,0,0.042969,0.014648,44.0,15.0,0.015,0 0.076172 0.904785 0.042969 0.014648
test2,163_6183.jpg,0,0.040039,0.005859,41.0,6.0,0.015,0 0.119629 0.905273 0.040039 0.005859
test2,163_6193.jpg,0,0.023438,0.002930,24.0,3.0,0.015,0 0.048828 0.912598 0.023438 0.002930
test2,163_6203.jpg,0,0.044922,0.012695,46.0,13.0,0.015,0 0.125000 0.901855 0.044922 0.012695
test2,163_6203.jpg,0,0.036133,0.002930,37.0,3.0,0.015,0 0.172363 0.901855 0.036133 0.002930
test2,163_6203.jpg,0,0.037109,0.010742,38.0,11.0,0.015,0 0.190430 0.896973 0.037109 0.010742
test2,163_6335.jpg,0,0.040039,0.014648,41.0,15.0,0.015,0 0.380371 0.884277 0.040039 0.014648
test2,163_7620.jpg,0,0.049805,0.014648,51.0,15.0,0.015,0 0.643066 0.885254 0.049805 0.014648
test2,163_7640.jpg,0,0.041992,0.011719,43.0,12.0,0.015,0 0.652832 0.886719 0.041992 0.011719
test2,163_7650.jpg,0,0.047852,0.000977,49.0,1.0,0.015,0 0.697754 0.893066 0.047852 0.000977
test2,163_7650.jpg,0,0.041016,0.001953,42.0,2.0,0.015,0 0.531250 0.888672 0.041016 0.001953
test2,163_7660.jpg,0,0.042969,0.008789,44.0,9.0,0.015,0 0.683594 0.890137 0.042969 0.008789
test2,163_7660.jpg,0,0.041992,0.011719,43.0,12.0,0.015,0 0.641113 0.886719 0.041992 0.011719
test2,163_7772.jpg,0,0.049805,0.012695,51.0,13.0,0.015,0 0.236816 0.893066 0.049805 0.012695
test2,260_24142.jpg,0,0.009766,0.032227,10.0,33.0,0.015,0 0.995117 0.479004 0.009766 0.032227
test2,260_24385.jpg,0,0.014648,0.040039,15.0,41.0,0.015,0 0.992676 0.814941 0.014648 0.040039
test2,261_8105.jpg,0,0.033203,0.013672,34.0,14.0,0.015,0 0.325195 0.887695 0.033203 0.013672
test2,262_6207.jpg,0,0.027344,0.010742,28.0,11.0,0.015,0 0.062500 0.907715 0.027344 0.010742
test2,264_19860.jpg,0,0.012695,0.031250,13.0,32.0,0.015,0 0.993652 0.499023 0.012695 0.031250
test2,264_28451.jpg,0,0.028320,0.008789,29.0,9.0,0.015,0 0.220215 0.895996 0.028320 0.008789
test2,265_23973.jpg,0,0.014648,0.031250,15.0,32.0,0.015,0 0.007324 0.146484 0.014648 0.031250
test2,265_24574.jpg,0,0.014648,0.031250,15.0,32.0,0.015,0 0.992676 0.283203 0.014648 0.031250
test2,276_2008.jpg,0,0.041016,0.008789,42.0,9.0,0.015,0 0.394531 0.898926 0.041016 0.008789
test2,276_2035.jpg,0,0.013672,0.024414,14.0,25.0,0.015,0 0.006836 0.884277 0.013672 0.024414
test2,276_2076.jpg,0,0.028320,0.012695,29.0,13.0,0.015,0 0.052246 0.916504 0.028320 0.012695
test2,276_2106.jpg,0,0.009766,0.039062,10.0,40.0,0.015,0 0.004883 0.897461 0.009766 0.039062
test2,276_2790.jpg,0,0.012695,0.021484,13.0,22.0,0.015,0 0.009277 0.847656 0.012695 0.021484
test2,276_2835.jpg,0,0.033203,0.009766,34.0,10.0,0.015,0 0.672852 0.900391 0.033203 0.009766
test2,276_2843.jpg,0,0.028320,0.006836,29.0,7.0,0.015,0 0.111816 0.914551 0.028320 0.006836
test2,276_2858.jpg,0,0.039062,0.011719,40.0,12.0,0.015,0 0.717773 0.901367 0.039062 0.011719
test2,276_2873.jpg,0,0.048828,0.013672,50.0,14.0,0.015,0 0.610352 0.896484 0.048828 0.013672
test2,276_2890.jpg,0,0.035156,0.011719,36.0,12.0,0.015,0 0.877930 0.911133 0.035156 0.011719
test2,276_4923.jpg,0,0.013672,0.028320,14.0,29.0,0.015,0 0.993164 0.674316 0.013672 0.028320
test2,276_5008.jpg,0,0.008789,0.033203,9.0,34.0,0.015,0 0.995605 0.686523 0.008789 0.033203
test2,276_5014.jpg,0,0.011719,0.037109,12.0,38.0,0.015,0 0.994141 0.710938 0.011719 0.037109
test2,276_5021.jpg,0,0.008789,0.037109,9.0,38.0,0.015,0 0.995605 0.663086 0.008789 0.037109
test2,276_5037.jpg,0,0.010742,0.041016,11.0,42.0,0.015,0 0.994629 0.732422 0.010742 0.041016
test2,276_5043.jpg,0,0.013672,0.041992,14.0,43.0,0.015,0 0.993164 0.665527 0.013672 0.041992
test2,276_5428.jpg,0,0.014648,0.037109,15.0,38.0,0.015,0 0.007324 0.128906 0.014648 0.037109
test2,276_5475.jpg,0,0.013672,0.041992,14.0,43.0,0.015,0 0.007812 0.147949 0.013672 0.041992
test2,276_5478.jpg,0,0.010742,0.033203,11.0,34.0,0.015,0 0.005371 0.103516 0.010742 0.033203
test2,276_6147.jpg,0,0.011719,0.041016,12.0,42.0,0.015,0 0.994141 0.504883 0.011719 0.041016
test2,276_6277.jpg,0,0.011719,0.029297,12.0,30.0,0.015,0 0.994141 0.208008 0.011719 0.029297
test2,276_6280.jpg,0,0.011719,0.029297,12.0,30.0,0.015,0 0.994141 0.208008 0.011719 0.029297
test2,276_6304.jpg,0,0.012695,0.038086,13.0,39.0,0.015,0 0.993652 0.222168 0.012695 0.038086
test2,276_6337.jpg,0,0.011719,0.029297,12.0,30.0,0.015,0 0.994141 0.520508 0.011719 0.029297
test2,276_6338.jpg,0,0.009766,0.029297,10.0,30.0,0.015,0 0.995117 0.521484 0.009766 0.029297
test2,276_6377.jpg,0,0.012695,0.034180,13.0,35.0,0.015,0 0.993652 0.261230 0.012695 0.034180
test2,276_6395.jpg,0,0.010742,0.042969,11.0,44.0,0.015,0 0.994629 0.210938 0.010742 0.042969
test2,276_6439.jpg,0,0.012695,0.042969,13.0,44.0,0.015,0 0.993652 0.546875 0.012695 0.042969
test2,276_8668.jpg,0,0.009766,0.031250,10.0,32.0,0.015,0 0.995117 0.156250 0.009766 0.031250
test2,276_9127.jpg,0,0.011719,0.027344,12.0,28.0,0.015,0 0.994141 0.742188 0.011719 0.027344
test2,276_9211.jpg,0,0.029297,0.009766,30.0,10.0,0.015,0 0.878906 0.912109 0.029297 0.009766
test2,276_9255.jpg,0,0.028320,0.009766,29.0,10.0,0.015,0 0.717285 0.901367 0.028320 0.009766
test2,276_9300.jpg,0,0.026367,0.006836,27.0,7.0,0.015,0 0.531738 0.897949 0.026367 0.006836
test2,276_9587.jpg,0,0.036133,0.009766,37.0,10.0,0.015,0 0.153809 0.910156 0.036133 0.009766
test2,277_10029.jpg,0,0.030273,0.013672,31.0,14.0,0.015,0 0.175293 0.906250 0.030273 0.013672
test2,277_10034.jpg,0,0.030273,0.006836,31.0,7.0,0.015,0 0.176270 0.909668 0.030273 0.006836
test2,277_10034.jpg,0,0.028320,0.013672,29.0,14.0,0.015,0 0.018066 0.918945 0.028320 0.013672
test2,277_6648.jpg,0,0.009766,0.026367,10.0,27.0,0.015,0 0.995117 0.358887 0.009766 0.026367
test2,277_6690.jpg,0,0.010742,0.029297,11.0,30.0,0.015,0 0.994629 0.137695 0.010742 0.029297
test2,277_6716.jpg,0,0.008789,0.026367,9.0,27.0,0.015,0 0.995605 0.431152 0.008789 0.026367
test2,277_6760.jpg,0,0.010742,0.023438,11.0,24.0,0.015,0 0.994629 0.463867 0.010742 0.023438
test2,277_6773.jpg,0,0.010742,0.022461,11.0,23.0,0.015,0 0.994629 0.294434 0.010742 0.022461
test2,277_6816.jpg,0,0.010742,0.021484,11.0,22.0,0.015,0 0.994629 0.481445 0.010742 0.021484
test2,277_6874.jpg,0,0.010742,0.022461,11.0,23.0,0.015,0 0.994629 0.491699 0.010742 0.022461
test2,277_9829.jpg,0,0.024414,0.012695,25.0,13.0,0.015,0 0.136230 0.909668 0.024414 0.012695
test2,277_9839.jpg,0,0.029297,0.011719,30.0,12.0,0.015,0 0.166016 0.908203 0.029297 0.011719
test2,277_9855.jpg,0,0.023438,0.008789,24.0,9.0,0.015,0 0.130859 0.911621 0.023438 0.008789
test2,277_9879.jpg,0,0.021484,0.008789,22.0,9.0,0.015,0 0.110352 0.913574 0.021484 0.008789
test2,277_9979.jpg,0,0.030273,0.011719,31.0,12.0,0.015,0 0.086426 0.914062 0.030273 0.011719
test2,278_5168.jpg,0,0.030273,0.011719,31.0,12.0,0.015,0 0.185059 0.907227 0.030273 0.011719
test2,278_6091.jpg,0,0.028320,0.007812,29.0,8.0,0.015,0 0.694824 0.901367 0.028320 0.007812
test2,279_2721.jpg,0,0.012695,0.034180,13.0,35.0,0.015,0 0.006348 0.873535 0.012695 0.034180
test2,279_2724.jpg,0,0.028320,0.009766,29.0,10.0,0.015,0 0.102051 0.914062 0.028320 0.009766
test2,279_2769.jpg,0,0.029297,0.013672,30.0,14.0,0.015,0 0.084961 0.913086 0.029297 0.013672
test2,279_3769.jpg,0,0.032227,0.011719,33.0,12.0,0.015,0 0.970215 0.918945 0.032227 0.011719
test2,279_3822.jpg,0,0.014648,0.010742,15.0,11.0,0.015,0 0.992676 0.920410 0.014648 0.010742
test2,279_3881.jpg,0,0.031250,0.010742,32.0,11.0,0.015,0 0.887695 0.912598 0.031250 0.010742
test2,279_3895.jpg,0,0.019531,0.006836,20.0,7.0,0.015,0 0.833008 0.909668 0.019531 0.006836
test2,279_3905.jpg,0,0.010742,0.019531,11.0,20.0,0.015,0 0.994629 0.916016 0.010742 0.019531
test2,279_3966.jpg,0,0.020508,0.006836,21.0,7.0,0.015,0 0.571777 0.897949 0.020508 0.006836
test2,279_3992.jpg,0,0.028320,0.006836,29.0,7.0,0.015,0 0.544434 0.897949 0.028320 0.006836
test2,279_5901.jpg,0,0.008789,0.031250,9.0,32.0,0.015,0 0.995605 0.173828 0.008789 0.031250
test2,279_5924.jpg,0,0.008789,0.027344,9.0,28.0,0.015,0 0.995605 0.215820 0.008789 0.027344
test2,279_5962.jpg,0,0.007812,0.030273,8.0,31.0,0.015,0 0.996094 0.224121 0.007812 0.030273
test2,279_5967.jpg,0,0.010742,0.033203,11.0,34.0,0.015,0 0.994629 0.401367 0.010742 0.033203
test2,279_5992.jpg,0,0.008789,0.027344,9.0,28.0,0.015,0 0.995605 0.436523 0.008789 0.027344
test2,279_6001.jpg,0,0.011719,0.024414,12.0,25.0,0.015,0 0.994141 0.593262 0.011719 0.024414
test2,279_6029.jpg,0,0.010742,0.026367,11.0,27.0,0.015,0 0.994629 0.311035 0.010742 0.026367
test2,280_2768.jpg,0,0.011719,0.019531,12.0,20.0,0.015,0 0.008789 0.852539 0.011719 0.019531
test2,280_2796.jpg,0,0.011719,0.040039,12.0,41.0,0.015,0 0.007812 0.850098 0.011719 0.040039
test2,280_2825.jpg,0,0.029297,0.009766,30.0,10.0,0.015,0 0.102539 0.914062 0.029297 0.009766
test2,280_2862.jpg,0,0.026367,0.011719,27.0,12.0,0.015,0 0.116699 0.912109 0.026367 0.011719
test2,280_2925.jpg,0,0.019531,0.008789,20.0,9.0,0.015,0 0.476562 0.896973 0.019531 0.008789
test2,280_2938.jpg,0,0.030273,0.007812,31.0,8.0,0.015,0 0.245605 0.905273 0.030273 0.007812
test2,280_2944.jpg,0,0.022461,0.008789,23.0,9.0,0.015,0 0.463379 0.896973 0.022461 0.008789
test2,280_2958.jpg,0,0.032227,0.008789,33.0,9.0,0.015,0 0.388184 0.898926 0.032227 0.008789
test2,280_3803.jpg,0,0.008789,0.027344,9.0,28.0,0.015,0 0.995605 0.898438 0.008789 0.027344
test2,280_3831.jpg,0,0.005859,0.033203,6.0,34.0,0.015,0 0.997070 0.764648 0.005859 0.033203
test2,280_3868.jpg,0,0.012695,0.031250,13.0,32.0,0.015,0 0.993652 0.750977 0.012695 0.031250
test2,280_3898.jpg,0,0.012695,0.015625,13.0,16.0,0.015,0 0.993652 0.761719 0.012695 0.015625
test2,280_3946.jpg,0,0.008789,0.031250,9.0,32.0,0.015,0 0.995605 0.765625 0.008789 0.031250
test2,280_4312.jpg,0,0.013672,0.030273,14.0,31.0,0.015,0 0.013672 0.221191 0.013672 0.030273
test2,280_4326.jpg,0,0.013672,0.027344,14.0,28.0,0.015,0 0.012695 0.202148 0.013672 0.027344
test2,280_4359.jpg,0,0.007812,0.033203,8.0,34.0,0.015,0 0.003906 0.125000 0.007812 0.033203
test2,280_4399.jpg,0,0.007812,0.031250,8.0,32.0,0.015,0 0.003906 0.120117 0.007812 0.031250
test2,280_4423.jpg,0,0.011719,0.017578,12.0,18.0,0.015,0 0.005859 0.107422 0.011719 0.017578
test2,280_4437.jpg,0,0.007812,0.015625,8.0,16.0,0.015,0 0.003906 0.110352 0.007812 0.015625
test2,280_4453.jpg,0,0.007812,0.024414,8.0,25.0,0.015,0 0.003906 0.123535 0.007812 0.024414
test2,280_5962.jpg,0,0.006836,0.041016,7.0,42.0,0.015,0 0.996582 0.319336 0.006836 0.041016
test2,280_5998.jpg,0,0.013672,0.025391,14.0,26.0,0.015,0 0.993164 0.319336 0.013672 0.025391
test2,280_6011.jpg,0,0.008789,0.031250,9.0,32.0,0.015,0 0.995605 0.297852 0.008789 0.031250
test2,280_6038.jpg,0,0.007812,0.027344,8.0,28.0,0.015,0 0.996094 0.331055 0.007812 0.027344
test2,280_6058.jpg,0,0.006836,0.029297,7.0,30.0,0.015,0 0.996582 0.347656 0.006836 0.029297
test2,280_6078.jpg,0,0.007812,0.023438,8.0,24.0,0.015,0 0.996094 0.278320 0.007812 0.023438
test2,280_6102.jpg,0,0.012695,0.049805,13.0,51.0,0.015,0 0.993652 0.468262 0.012695 0.049805
test2,280_6114.jpg,0,0.008789,0.026367,9.0,27.0,0.015,0 0.995605 0.348145 0.008789 0.026367
test2,281_7886.jpg,0,0.030273,0.012695,31.0,13.0,0.015,0 0.697754 0.899902 0.030273 0.012695
test2,281_7910.jpg,0,0.027344,0.009766,28.0,10.0,0.015,0 0.774414 0.905273 0.027344 0.009766
test2,281_7914.jpg,0,0.029297,0.007812,30.0,8.0,0.015,0 0.844727 0.910156 0.029297 0.007812
test2,281_7992.jpg,0,0.033203,0.013672,34.0,14.0,0.015,0 0.625977 0.896484 0.033203 0.013672
test2,282_4742.jpg,0,0.034180,0.005859,35.0,6.0,0.015,0 0.480957 0.898438 0.034180 0.005859
test2,282_4749.jpg,0,0.034180,0.005859,35.0,6.0,0.015,0 0.591309 0.899414 0.034180 0.005859
test2,282_4775.jpg,0,0.043945,0.006836,45.0,7.0,0.015,0 0.432129 0.898926 0.043945 0.006836
test2,282_4779.jpg,0,0.023438,0.005859,24.0,6.0,0.015,0 0.391602 0.899414 0.023438 0.005859
test2,282_4799.jpg,0,0.033203,0.008789,34.0,9.0,0.015,0 0.485352 0.896973 0.033203 0.008789
test2,282_6015.jpg,0,0.006836,0.031250,7.0,32.0,0.015,0 0.003418 0.102539 0.006836 0.031250
test2,282_6035.jpg,0,0.008789,0.027344,9.0,28.0,0.015,0 0.004395 0.100586 0.008789 0.027344
test2,282_6058.jpg,0,0.007812,0.022461,8.0,23.0,0.015,0 0.003906 0.102051 0.007812 0.022461
test2,282_6476.jpg,0,0.010742,0.018555,11.0,19.0,0.015,0 0.994629 0.588379 0.010742 0.018555
test2,282_6509.jpg,0,0.006836,0.031250,7.0,32.0,0.015,0 0.996582 0.723633 0.006836 0.031250
test2,282_6528.jpg,0,0.006836,0.021484,7.0,22.0,0.015,0 0.996582 0.649414 0.006836 0.021484
test2,282_6554.jpg,0,0.007812,0.027344,8.0,28.0,0.015,0 0.996094 0.699219 0.007812 0.027344
test2,282_6558.jpg,0,0.009766,0.030273,10.0,31.0,0.015,0 0.995117 0.543457 0.009766 0.030273
test2,282_8426.jpg,0,0.014648,0.024414,15.0,25.0,0.015,0 0.992676 0.300293 0.014648 0.024414
test2,282_8436.jpg,0,0.007812,0.029297,8.0,30.0,0.015,0 0.996094 0.248047 0.007812 0.029297
test2,282_8459.jpg,0,0.004883,0.025391,5.0,26.0,0.015,0 0.997559 0.388672 0.004883 0.025391
test2,282_8490.jpg,0,0.005859,0.026367,6.0,27.0,0.015,0 0.997070 0.172363 0.005859 0.026367
test2,282_8552.jpg,0,0.008789,0.026367,9.0,27.0,0.015,0 0.995605 0.111816 0.008789 0.026367
test2,282_9395.jpg,0,0.021484,0.004883,22.0,5.0,0.015,0 0.118164 0.914551 0.021484 0.004883
test2,282_9521.jpg,0,0.006836,0.024414,7.0,25.0,0.015,0 0.003418 0.881348 0.006836 0.024414
test2,282_9530.jpg,0,0.021484,0.009766,22.0,10.0,0.015,0 0.083008 0.915039 0.021484 0.009766
test2,283_1668.jpg,0,0.004883,0.028320,5.0,29.0,0.015,0 0.997559 0.745605 0.004883 0.028320
test2,283_1733.jpg,0,0.018555,0.006836,19.0,7.0,0.015,0 0.990723 0.922363 0.018555 0.006836
test2,283_1827.jpg,0,0.005859,0.013672,6.0,14.0,0.015,0 0.997070 0.918945 0.005859 0.013672
test2,283_2712.jpg,0,0.011719,0.035156,12.0,36.0,0.015,0 0.994141 0.718750 0.011719 0.035156
test2,283_2715.jpg,0,0.006836,0.035156,7.0,36.0,0.015,0 0.996582 0.721680 0.006836 0.035156
test2,283_2728.jpg,0,0.007812,0.027344,8.0,28.0,0.015,0 0.996094 0.780273 0.007812 0.027344
test2,283_2738.jpg,0,0.009766,0.029297,10.0,30.0,0.015,0 0.995117 0.470703 0.009766 0.029297
test2,283_2824.jpg,0,0.009766,0.025391,10.0,26.0,0.015,0 0.995117 0.270508 0.009766 0.025391
test2,283_2850.jpg,0,0.007812,0.034180,8.0,35.0,0.015,0 0.996094 0.441895 0.007812 0.034180
test2,283_2904.jpg,0,0.013672,0.033203,14.0,34.0,0.015,0 0.993164 0.219727 0.013672 0.033203
test2,283_5338.jpg,0,0.025391,0.014648,26.0,15.0,0.015,0 0.785156 0.902832 0.025391 0.014648
test2,283_5411.jpg,0,0.020508,0.003906,21.0,4.0,0.015,0 0.605957 0.900391 0.020508 0.003906
test2,283_5422.jpg,0,0.007812,0.036133,8.0,37.0,0.015,0 0.996094 0.389160 0.007812 0.036133
test2,283_5432.jpg,0,0.009766,0.026367,10.0,27.0,0.015,0 0.995117 0.214355 0.009766 0.026367
test2,283_9714.jpg,0,0.010742,0.017578,11.0,18.0,0.015,0 0.994629 0.698242 0.010742 0.017578
test2,283_9714.jpg,0,0.020508,0.012695,21.0,13.0,0.015,0 0.989746 0.845215 0.020508 0.012695
test2,283_9714.jpg,0,0.012695,0.025391,13.0,26.0,0.015,0 0.993652 0.875977 0.012695 0.025391
test2,283_9724.jpg,0,0.007812,0.014648,8.0,15.0,0.015,0 0.996094 0.829590 0.007812 0.014648
test2,283_9724.jpg,0,0.022461,0.012695,23.0,13.0,0.015,0 0.988770 0.856934 0.022461 0.012695
test2,283_9738.jpg,0,0.019531,0.014648,20.0,15.0,0.015,0 0.990234 0.844238 0.019531 0.014648
test2,283_9738.jpg,0,0.024414,0.012695,25.0,13.0,0.015,0 0.981934 0.868652 0.024414 0.012695
test2,283_9738.jpg,0,0.006836,0.026367,7.0,27.0,0.015,0 0.996582 0.893066 0.006836 0.026367
test2,283_9741.jpg,0,0.022461,0.014648,23.0,15.0,0.015,0 0.986816 0.850098 0.022461 0.014648
test2,283_9741.jpg,0,0.024414,0.012695,25.0,13.0,0.015,0 0.977051 0.874512 0.024414 0.012695
test2,283_9741.jpg,0,0.011719,0.026367,12.0,27.0,0.015,0 0.994141 0.898926 0.011719 0.026367
test2,283_9757.jpg,0,0.022461,0.014648,23.0,15.0,0.015,0 0.972168 0.870605 0.022461 0.014648
test2,283_9757.jpg,0,0.024414,0.012695,25.0,13.0,0.015,0 0.965332 0.895020 0.024414 0.012695
test2,283_9757.jpg,0,0.022461,0.007812,23.0,8.0,0.015,0 0.953613 0.918945 0.022461 0.007812
test2,283_9766.jpg,0,0.022461,0.014648,23.0,15.0,0.015,0 0.960449 0.882324 0.022461 0.014648
test2,283_9766.jpg,0,0.024414,0.012695,25.0,13.0,0.015,0 0.953613 0.906738 0.024414 0.012695
test2,283_9766.jpg,0,0.017578,0.006836,18.0,7.0,0.015,0 0.969727 0.920410 0.017578 0.006836
test2,283_9779.jpg,0,0.022461,0.014648,23.0,15.0,0.015,0 0.944824 0.900879 0.022461 0.014648
test2,283_9779.jpg,0,0.024414,0.005859,25.0,6.0,0.015,0 0.939941 0.918945 0.024414 0.005859
test2,283_9799.jpg,0,0.022461,0.004883,23.0,5.0,0.015,0 0.924316 0.917480 0.022461 0.004883
test2,283_9889.jpg,0,0.018555,0.009766,19.0,10.0,0.015,0 0.826660 0.908203 0.018555 0.009766
test2,284_1874.jpg,0,0.029297,0.006836,30.0,7.0,0.015,0 0.111328 0.914551 0.029297 0.006836
test2,284_1879.jpg,0,0.021484,0.005859,22.0,6.0,0.015,0 0.625000 0.900391 0.021484 0.005859
test2,284_1934.jpg,0,0.010742,0.016602,11.0,17.0,0.015,0 0.008301 0.850098 0.010742 0.016602
test2,284_1971.jpg,0,0.023438,0.005859,24.0,6.0,0.015,0 0.031250 0.921875 0.023438 0.005859
test2,284_1991.jpg,0,0.008789,0.025391,9.0,26.0,0.015,0 0.004395 0.905273 0.008789 0.025391
test2,284_2024.jpg,0,0.021484,0.007812,22.0,8.0,0.015,0 0.291016 0.902344 0.021484 0.007812
test2,284_2047.jpg,0,0.021484,0.006836,22.0,7.0,0.015,0 0.318359 0.901855 0.021484 0.006836
test2,284_2624.jpg,0,0.006836,0.024414,7.0,25.0,0.015,0 0.996582 0.622559 0.006836 0.024414
test2,284_2630.jpg,0,0.006836,0.037109,7.0,38.0,0.015,0 0.996582 0.833008 0.006836 0.037109
test2,284_2652.jpg,0,0.006836,0.034180,7.0,35.0,0.015,0 0.996582 0.766113 0.006836 0.034180
test2,284_2660.jpg,0,0.005859,0.038086,6.0,39.0,0.015,0 0.997070 0.832520 0.005859 0.038086
test2,284_2682.jpg,0,0.010742,0.029297,11.0,30.0,0.015,0 0.994629 0.643555 0.010742 0.029297
test2,284_2755.jpg,0,0.027344,0.006836,28.0,7.0,0.015,0 0.775391 0.906738 0.027344 0.006836
test2,284_4837.jpg,0,0.007812,0.032227,8.0,33.0,0.015,0 0.996094 0.420410 0.007812 0.032227
test2,284_4919.jpg,0,0.024414,0.006836,25.0,7.0,0.015,0 0.359863 0.899902 0.024414 0.006836
test2,284_4944.jpg,0,0.021484,0.006836,22.0,7.0,0.015,0 0.565430 0.897949 0.021484 0.006836
test2,284_5102.jpg,0,0.006836,0.040039,7.0,41.0,0.015,0 0.996582 0.297363 0.006836 0.040039
test2,284_5109.jpg,0,0.005859,0.039062,6.0,40.0,0.015,0 0.997070 0.230469 0.005859 0.039062
test2,284_5132.jpg,0,0.005859,0.037109,6.0,38.0,0.015,0 0.997070 0.291992 0.005859 0.037109
test2,284_5138.jpg,0,0.012695,0.020508,13.0,21.0,0.015,0 0.993652 0.097168 0.012695 0.020508
test2,284_5141.jpg,0,0.012695,0.020508,13.0,21.0,0.015,0 0.993652 0.097168 0.012695 0.020508
test2,284_6197.jpg,0,0.028320,0.014648,29.0,15.0,0.015,0 0.667480 0.296387 0.028320 0.014648
test2,284_6217.jpg,0,0.028320,0.014648,29.0,15.0,0.015,0 0.697754 0.318848 0.028320 0.014648
test2,284_6289.jpg,0,0.028320,0.014648,29.0,15.0,0.015,0 0.829590 0.437012 0.028320 0.014648
test2,284_6328.jpg,0,0.028320,0.014648,29.0,15.0,0.015,0 0.911621 0.495605 0.028320 0.014648
test2,284_6370.jpg,0,0.018555,0.014648,19.0,15.0,0.015,0 0.990723 0.549316 0.018555 0.014648
test2,284_8421.jpg,0,0.028320,0.013672,29.0,14.0,0.015,0 0.518066 0.213867 0.028320 0.013672
test2,284_8423.jpg,0,0.028320,0.014648,29.0,15.0,0.015,0 0.514160 0.211426 0.028320 0.014648
test2,284_8423.jpg,0,0.028320,0.014648,29.0,15.0,0.015,0 0.514160 0.211426 0.028320 0.014648
test2,284_8432.jpg,0,0.028320,0.014648,29.0,15.0,0.015,0 0.492676 0.200684 0.028320 0.014648
test2,284_8432.jpg,0,0.028320,0.014648,29.0,15.0,0.015,0 0.492676 0.200684 0.028320 0.014648
test2,284_8442.jpg,0,0.028320,0.014648,29.0,15.0,0.015,0 0.472168 0.185059 0.028320 0.014648
test2,284_8442.jpg,0,0.028320,0.014648,29.0,15.0,0.015,0 0.472168 0.185059 0.028320 0.014648
test2,284_8444.jpg,0,0.028320,0.014648,29.0,15.0,0.015,0 0.463379 0.185059 0.028320 0.014648
test2,284_8444.jpg,0,0.028320,0.014648,29.0,15.0,0.015,0 0.463379 0.185059 0.028320 0.014648
test2,284_8462.jpg,0,0.028320,0.014648,29.0,15.0,0.015,0 0.421387 0.156738 0.028320 0.014648
test2,284_8462.jpg,0,0.028320,0.014648,29.0,15.0,0.015,0 0.421387 0.156738 0.028320 0.014648
test2,284_8472.jpg,0,0.028320,0.014648,29.0,15.0,0.015,0 0.403809 0.145996 0.028320 0.014648
test2,284_8472.jpg,0,0.028320,0.014648,29.0,15.0,0.015,0 0.403809 0.145996 0.028320 0.014648
test2,284_8480.jpg,0,0.028320,0.014648,29.0,15.0,0.015,0 0.382324 0.131348 0.028320 0.014648
test2,284_8480.jpg,0,0.028320,0.014648,29.0,15.0,0.015,0 0.382324 0.131348 0.028320 0.014648
test2,284_8483.jpg,0,0.028320,0.014648,29.0,15.0,0.015,0 0.377441 0.128418 0.028320 0.014648
test2,284_8503.jpg,0,0.028320,0.014648,29.0,15.0,0.015,0 0.340332 0.115723 0.028320 0.014648
test2,284_9028.jpg,0,0.022461,0.012695,23.0,13.0,0.015,0 0.758301 0.110840 0.022461 0.012695
test2,284_9051.jpg,0,0.022461,0.012695,23.0,13.0,0.015,0 0.729004 0.148926 0.022461 0.012695
test2,284_9092.jpg,0,0.022461,0.012695,23.0,13.0,0.015,0 0.677246 0.216309 0.022461 0.012695
test2,284_9136.jpg,0,0.022461,0.012695,23.0,13.0,0.015,0 0.611816 0.281738 0.022461 0.012695
test2,284_9179.jpg,0,0.022461,0.012695,23.0,13.0,0.015,0 0.550293 0.345215 0.022461 0.012695
test2,284_9194.jpg,0,0.022461,0.012695,23.0,13.0,0.015,0 0.526855 0.366699 0.022461 0.012695
test2,284_9196.jpg,0,0.022461,0.012695,23.0,13.0,0.015,0 0.525879 0.366699 0.022461 0.012695
test2,284_9256.jpg,0,0.022461,0.012695,23.0,13.0,0.015,0 0.440918 0.444824 0.022461 0.012695
test2,284_9316.jpg,0,0.022461,0.012695,23.0,13.0,0.015,0 0.368652 0.524902 0.022461 0.012695
test2,284_9328.jpg,0,0.008789,0.014648,9.0,15.0,0.015,0 0.995605 0.517090 0.008789 0.014648
test2,284_9336.jpg,0,0.022461,0.012695,23.0,13.0,0.015,0 0.353027 0.552246 0.022461 0.012695
test2,284_9347.jpg,0,0.004883,0.026367,5.0,27.0,0.015,0 0.997559 0.672363 0.004883 0.026367
test2,284_9356.jpg,0,0.005859,0.028320,6.0,29.0,0.015,0 0.997070 0.645996 0.005859 0.028320
test2,284_9363.jpg,0,0.022461,0.012695,23.0,13.0,0.015,0 0.331543 0.586426 0.022461 0.012695
test2,284_9363.jpg,0,0.011719,0.028320,12.0,29.0,0.015,0 0.994141 0.651855 0.011719 0.028320
test2,284_9363.jpg,0,0.025391,0.014648,26.0,15.0,0.015,0 0.971680 0.560059 0.025391 0.014648
test2,284_9374.jpg,0,0.022461,0.012695,23.0,13.0,0.015,0 0.332520 0.586426 0.022461 0.012695
test2,284_9374.jpg,0,0.011719,0.028320,12.0,29.0,0.015,0 0.994141 0.651855 0.011719 0.028320
test2,284_9374.jpg,0,0.025391,0.014648,26.0,15.0,0.015,0 0.971680 0.560059 0.025391 0.014648
test2,284_9375.jpg,0,0.022461,0.012695,23.0,13.0,0.015,0 0.310059 0.620605 0.022461 0.012695
test2,284_9375.jpg,0,0.025391,0.014648,26.0,15.0,0.015,0 0.945312 0.595215 0.025391 0.014648
test2,284_9375.jpg,0,0.012695,0.027344,13.0,28.0,0.015,0 0.993652 0.748047 0.012695 0.027344
test2,284_9377.jpg,0,0.025391,0.014648,26.0,15.0,0.015,0 0.942383 0.598145 0.025391 0.014648
test2,284_9377.jpg,0,0.004883,0.017578,5.0,18.0,0.015,0 0.997559 0.620117 0.004883 0.017578
test2,284_9406.jpg,0,0.022461,0.012695,23.0,13.0,0.015,0 0.278809 0.659668 0.022461 0.012695
test2,284_9407.jpg,0,0.022461,0.012695,23.0,13.0,0.015,0 0.277832 0.661621 0.022461 0.012695
test2,284_9407.jpg,0,0.025391,0.014648,26.0,15.0,0.015,0 0.914062 0.633301 0.025391 0.014648
test2,284_9467.jpg,0,0.022461,0.012695,23.0,13.0,0.015,0 0.227051 0.732910 0.022461 0.012695
test2,284_9467.jpg,0,0.025391,0.014648,26.0,15.0,0.015,0 0.859375 0.707520 0.025391 0.014648
test2,284_9530.jpg,0,0.022461,0.012695,23.0,13.0,0.015,0 0.178223 0.805176 0.022461 0.012695
test2,284_9530.jpg,0,0.025391,0.014648,26.0,15.0,0.015,0 0.803711 0.778809 0.025391 0.014648
test2,284_9530.jpg,0,0.016602,0.002930,17.0,3.0,0.015,0 0.854004 0.913574 0.016602 0.002930
test2,284_9545.jpg,0,0.022461,0.012695,23.0,13.0,0.015,0 0.167480 0.821777 0.022461 0.012695
test2,284_9545.jpg,0,0.025391,0.014648,26.0,15.0,0.015,0 0.790039 0.797363 0.025391 0.014648
test2,284_9545.jpg,0,0.015625,0.005859,16.0,6.0,0.015,0 0.800781 0.908203 0.015625 0.005859
test2,284_9581.jpg,0,0.022461,0.012695,23.0,13.0,0.015,0 0.144043 0.860840 0.022461 0.012695
test2,284_9581.jpg,0,0.017578,0.006836,18.0,7.0,0.015,0 0.781250 0.906738 0.017578 0.006836
test2,284_9581.jpg,0,0.025391,0.014648,26.0,15.0,0.015,0 0.758789 0.836426 0.025391 0.014648
test2,284_9633.jpg,0,0.022461,0.006836,23.0,7.0,0.015,0 0.103027 0.914551 0.022461 0.006836
test2,284_9633.jpg,0,0.025391,0.014648,26.0,15.0,0.015,0 0.716797 0.890137 0.025391 0.014648
test2,284_9633.jpg,0,0.023438,0.010742,24.0,11.0,0.015,0 0.777344 0.904785 0.023438 0.010742
test2,284_9639.jpg,0,0.025391,0.014648,26.0,15.0,0.015,0 0.711914 0.895996 0.025391 0.014648
test2,284_9639.jpg,0,0.023438,0.005859,24.0,6.0,0.015,0 0.772461 0.906250 0.023438 0.005859
test2,284_9652.jpg,0,0.025391,0.005859,26.0,6.0,0.015,0 0.702148 0.903320 0.025391 0.005859
test2,284_9662.jpg,0,0.023438,0.012695,24.0,13.0,0.015,0 0.297852 0.899902 0.023438 0.012695
test2,298_20307.jpg,0,0.022461,0.013672,23.0,14.0,0.015,0 0.633301 0.884766 0.022461 0.013672
test2,299_4869.jpg,0,0.012695,0.033203,13.0,34.0,0.015,0 0.993652 0.442383 0.012695 0.033203
test2,309_20143.jpg,0,0.044922,0.003906,46.0,4.0,0.015,0 0.724609 0.905273 0.044922 0.003906
test2,55_4500.jpg,0,0.000977,0.032227,1.0,33.0,0.015,0 0.000488 0.164551 0.000977 0.032227
test2,55_6818.jpg,0,0.052734,0.011719,54.0,12.0,0.015,0 0.882812 0.902344 0.052734 0.011719
test2,55_6818.jpg,0,0.043945,0.004883,45.0,5.0,0.015,0 0.770996 0.896973 0.043945 0.004883
test2,55_9978.jpg,0,0.037109,0.012695,38.0,13.0,0.015,0 0.061523 0.906738 0.037109 0.012695
