ultralytics.utils.metrics.DetMetrics object with attributes:

ap_class_index: array([0])
box: ultralytics.utils.metrics.Metric object
confusion_matrix: <ultralytics.utils.metrics.ConfusionMatrix object at 0x000001D5AA0D73B0>
curves: ['Precision-Recall(B)', 'F1-Confidence(B)', 'Precision-Confidence(B)', 'Recall-Confidence(B)']
curves_results: [[array([          0,    0.001001,    0.002002,    0.003003,    0.004004,    0.005005,    0.006006,    0.007007,    0.008008,    0.009009,     0.01001,    0.011011,    0.012012,    0.013013,    0.014014,    0.015015,    0.016016,    0.017017,    0.018018,    0.019019,     0.02002,    0.021021,    0.022022,    0.023023,
          0.024024,    0.025025,    0.026026,    0.027027,    0.028028,    0.029029,     0.03003,    0.031031,    0.032032,    0.033033,    0.034034,    0.035035,    0.036036,    0.037037,    0.038038,    0.039039,     0.04004,    0.041041,    0.042042,    0.043043,    0.044044,    0.045045,    0.046046,    0.047047,
          0.048048,    0.049049,     0.05005,    0.051051,    0.052052,    0.053053,    0.054054,    0.055055,    0.056056,    0.057057,    0.058058,    0.059059,     0.06006,    0.061061,    0.062062,    0.063063,    0.064064,    0.065065,    0.066066,    0.067067,    0.068068,    0.069069,     0.07007,    0.071071,
          0.072072,    0.073073,    0.074074,    0.075075,    0.076076,    0.077077,    0.078078,    0.079079,     0.08008,    0.081081,    0.082082,    0.083083,    0.084084,    0.085085,    0.086086,    0.087087,    0.088088,    0.089089,     0.09009,    0.091091,    0.092092,    0.093093,    0.094094,    0.095095,
          0.096096,    0.097097,    0.098098,    0.099099,      0.1001,      0.1011,      0.1021,      0.1031,      0.1041,     0.10511,     0.10611,     0.10711,     0.10811,     0.10911,     0.11011,     0.11111,     0.11211,     0.11311,     0.11411,     0.11512,     0.11612,     0.11712,     0.11812,     0.11912,
           0.12012,     0.12112,     0.12212,     0.12312,     0.12412,     0.12513,     0.12613,     0.12713,     0.12813,     0.12913,     0.13013,     0.13113,     0.13213,     0.13313,     0.13413,     0.13514,     0.13614,     0.13714,     0.13814,     0.13914,     0.14014,     0.14114,     0.14214,     0.14314,
           0.14414,     0.14515,     0.14615,     0.14715,     0.14815,     0.14915,     0.15015,     0.15115,     0.15215,     0.15315,     0.15415,     0.15516,     0.15616,     0.15716,     0.15816,     0.15916,     0.16016,     0.16116,     0.16216,     0.16316,     0.16416,     0.16517,     0.16617,     0.16717,
           0.16817,     0.16917,     0.17017,     0.17117,     0.17217,     0.17317,     0.17417,     0.17518,     0.17618,     0.17718,     0.17818,     0.17918,     0.18018,     0.18118,     0.18218,     0.18318,     0.18418,     0.18519,     0.18619,     0.18719,     0.18819,     0.18919,     0.19019,     0.19119,
           0.19219,     0.19319,     0.19419,      0.1952,      0.1962,      0.1972,      0.1982,      0.1992,      0.2002,      0.2012,      0.2022,      0.2032,      0.2042,     0.20521,     0.20621,     0.20721,     0.20821,     0.20921,     0.21021,     0.21121,     0.21221,     0.21321,     0.21421,     0.21522,
           0.21622,     0.21722,     0.21822,     0.21922,     0.22022,     0.22122,     0.22222,     0.22322,     0.22422,     0.22523,     0.22623,     0.22723,     0.22823,     0.22923,     0.23023,     0.23123,     0.23223,     0.23323,     0.23423,     0.23524,     0.23624,     0.23724,     0.23824,     0.23924,
           0.24024,     0.24124,     0.24224,     0.24324,     0.24424,     0.24525,     0.24625,     0.24725,     0.24825,     0.24925,     0.25025,     0.25125,     0.25225,     0.25325,     0.25425,     0.25526,     0.25626,     0.25726,     0.25826,     0.25926,     0.26026,     0.26126,     0.26226,     0.26326,
           0.26426,     0.26527,     0.26627,     0.26727,     0.26827,     0.26927,     0.27027,     0.27127,     0.27227,     0.27327,     0.27427,     0.27528,     0.27628,     0.27728,     0.27828,     0.27928,     0.28028,     0.28128,     0.28228,     0.28328,     0.28428,     0.28529,     0.28629,     0.28729,
           0.28829,     0.28929,     0.29029,     0.29129,     0.29229,     0.29329,     0.29429,      0.2953,      0.2963,      0.2973,      0.2983,      0.2993,      0.3003,      0.3013,      0.3023,      0.3033,      0.3043,     0.30531,     0.30631,     0.30731,     0.30831,     0.30931,     0.31031,     0.31131,
           0.31231,     0.31331,     0.31431,     0.31532,     0.31632,     0.31732,     0.31832,     0.31932,     0.32032,     0.32132,     0.32232,     0.32332,     0.32432,     0.32533,     0.32633,     0.32733,     0.32833,     0.32933,     0.33033,     0.33133,     0.33233,     0.33333,     0.33433,     0.33534,
           0.33634,     0.33734,     0.33834,     0.33934,     0.34034,     0.34134,     0.34234,     0.34334,     0.34434,     0.34535,     0.34635,     0.34735,     0.34835,     0.34935,     0.35035,     0.35135,     0.35235,     0.35335,     0.35435,     0.35536,     0.35636,     0.35736,     0.35836,     0.35936,
           0.36036,     0.36136,     0.36236,     0.36336,     0.36436,     0.36537,     0.36637,     0.36737,     0.36837,     0.36937,     0.37037,     0.37137,     0.37237,     0.37337,     0.37437,     0.37538,     0.37638,     0.37738,     0.37838,     0.37938,     0.38038,     0.38138,     0.38238,     0.38338,
           0.38438,     0.38539,     0.38639,     0.38739,     0.38839,     0.38939,     0.39039,     0.39139,     0.39239,     0.39339,     0.39439,      0.3954,      0.3964,      0.3974,      0.3984,      0.3994,      0.4004,      0.4014,      0.4024,      0.4034,      0.4044,     0.40541,     0.40641,     0.40741,
           0.40841,     0.40941,     0.41041,     0.41141,     0.41241,     0.41341,     0.41441,     0.41542,     0.41642,     0.41742,     0.41842,     0.41942,     0.42042,     0.42142,     0.42242,     0.42342,     0.42442,     0.42543,     0.42643,     0.42743,     0.42843,     0.42943,     0.43043,     0.43143,
           0.43243,     0.43343,     0.43443,     0.43544,     0.43644,     0.43744,     0.43844,     0.43944,     0.44044,     0.44144,     0.44244,     0.44344,     0.44444,     0.44545,     0.44645,     0.44745,     0.44845,     0.44945,     0.45045,     0.45145,     0.45245,     0.45345,     0.45445,     0.45546,
           0.45646,     0.45746,     0.45846,     0.45946,     0.46046,     0.46146,     0.46246,     0.46346,     0.46446,     0.46547,     0.46647,     0.46747,     0.46847,     0.46947,     0.47047,     0.47147,     0.47247,     0.47347,     0.47447,     0.47548,     0.47648,     0.47748,     0.47848,     0.47948,
           0.48048,     0.48148,     0.48248,     0.48348,     0.48448,     0.48549,     0.48649,     0.48749,     0.48849,     0.48949,     0.49049,     0.49149,     0.49249,     0.49349,     0.49449,      0.4955,      0.4965,      0.4975,      0.4985,      0.4995,      0.5005,      0.5015,      0.5025,      0.5035,
            0.5045,     0.50551,     0.50651,     0.50751,     0.50851,     0.50951,     0.51051,     0.51151,     0.51251,     0.51351,     0.51451,     0.51552,     0.51652,     0.51752,     0.51852,     0.51952,     0.52052,     0.52152,     0.52252,     0.52352,     0.52452,     0.52553,     0.52653,     0.52753,
           0.52853,     0.52953,     0.53053,     0.53153,     0.53253,     0.53353,     0.53453,     0.53554,     0.53654,     0.53754,     0.53854,     0.53954,     0.54054,     0.54154,     0.54254,     0.54354,     0.54454,     0.54555,     0.54655,     0.54755,     0.54855,     0.54955,     0.55055,     0.55155,
           0.55255,     0.55355,     0.55455,     0.55556,     0.55656,     0.55756,     0.55856,     0.55956,     0.56056,     0.56156,     0.56256,     0.56356,     0.56456,     0.56557,     0.56657,     0.56757,     0.56857,     0.56957,     0.57057,     0.57157,     0.57257,     0.57357,     0.57457,     0.57558,
           0.57658,     0.57758,     0.57858,     0.57958,     0.58058,     0.58158,     0.58258,     0.58358,     0.58458,     0.58559,     0.58659,     0.58759,     0.58859,     0.58959,     0.59059,     0.59159,     0.59259,     0.59359,     0.59459,      0.5956,      0.5966,      0.5976,      0.5986,      0.5996,
            0.6006,      0.6016,      0.6026,      0.6036,      0.6046,     0.60561,     0.60661,     0.60761,     0.60861,     0.60961,     0.61061,     0.61161,     0.61261,     0.61361,     0.61461,     0.61562,     0.61662,     0.61762,     0.61862,     0.61962,     0.62062,     0.62162,     0.62262,     0.62362,
           0.62462,     0.62563,     0.62663,     0.62763,     0.62863,     0.62963,     0.63063,     0.63163,     0.63263,     0.63363,     0.63463,     0.63564,     0.63664,     0.63764,     0.63864,     0.63964,     0.64064,     0.64164,     0.64264,     0.64364,     0.64464,     0.64565,     0.64665,     0.64765,
           0.64865,     0.64965,     0.65065,     0.65165,     0.65265,     0.65365,     0.65465,     0.65566,     0.65666,     0.65766,     0.65866,     0.65966,     0.66066,     0.66166,     0.66266,     0.66366,     0.66466,     0.66567,     0.66667,     0.66767,     0.66867,     0.66967,     0.67067,     0.67167,
           0.67267,     0.67367,     0.67467,     0.67568,     0.67668,     0.67768,     0.67868,     0.67968,     0.68068,     0.68168,     0.68268,     0.68368,     0.68468,     0.68569,     0.68669,     0.68769,     0.68869,     0.68969,     0.69069,     0.69169,     0.69269,     0.69369,     0.69469,      0.6957,
            0.6967,      0.6977,      0.6987,      0.6997,      0.7007,      0.7017,      0.7027,      0.7037,      0.7047,     0.70571,     0.70671,     0.70771,     0.70871,     0.70971,     0.71071,     0.71171,     0.71271,     0.71371,     0.71471,     0.71572,     0.71672,     0.71772,     0.71872,     0.71972,
           0.72072,     0.72172,     0.72272,     0.72372,     0.72472,     0.72573,     0.72673,     0.72773,     0.72873,     0.72973,     0.73073,     0.73173,     0.73273,     0.73373,     0.73473,     0.73574,     0.73674,     0.73774,     0.73874,     0.73974,     0.74074,     0.74174,     0.74274,     0.74374,
           0.74474,     0.74575,     0.74675,     0.74775,     0.74875,     0.74975,     0.75075,     0.75175,     0.75275,     0.75375,     0.75475,     0.75576,     0.75676,     0.75776,     0.75876,     0.75976,     0.76076,     0.76176,     0.76276,     0.76376,     0.76476,     0.76577,     0.76677,     0.76777,
           0.76877,     0.76977,     0.77077,     0.77177,     0.77277,     0.77377,     0.77477,     0.77578,     0.77678,     0.77778,     0.77878,     0.77978,     0.78078,     0.78178,     0.78278,     0.78378,     0.78478,     0.78579,     0.78679,     0.78779,     0.78879,     0.78979,     0.79079,     0.79179,
           0.79279,     0.79379,     0.79479,      0.7958,      0.7968,      0.7978,      0.7988,      0.7998,      0.8008,      0.8018,      0.8028,      0.8038,      0.8048,     0.80581,     0.80681,     0.80781,     0.80881,     0.80981,     0.81081,     0.81181,     0.81281,     0.81381,     0.81481,     0.81582,
           0.81682,     0.81782,     0.81882,     0.81982,     0.82082,     0.82182,     0.82282,     0.82382,     0.82482,     0.82583,     0.82683,     0.82783,     0.82883,     0.82983,     0.83083,     0.83183,     0.83283,     0.83383,     0.83483,     0.83584,     0.83684,     0.83784,     0.83884,     0.83984,
           0.84084,     0.84184,     0.84284,     0.84384,     0.84484,     0.84585,     0.84685,     0.84785,     0.84885,     0.84985,     0.85085,     0.85185,     0.85285,     0.85385,     0.85485,     0.85586,     0.85686,     0.85786,     0.85886,     0.85986,     0.86086,     0.86186,     0.86286,     0.86386,
           0.86486,     0.86587,     0.86687,     0.86787,     0.86887,     0.86987,     0.87087,     0.87187,     0.87287,     0.87387,     0.87487,     0.87588,     0.87688,     0.87788,     0.87888,     0.87988,     0.88088,     0.88188,     0.88288,     0.88388,     0.88488,     0.88589,     0.88689,     0.88789,
           0.88889,     0.88989,     0.89089,     0.89189,     0.89289,     0.89389,     0.89489,      0.8959,      0.8969,      0.8979,      0.8989,      0.8999,      0.9009,      0.9019,      0.9029,      0.9039,      0.9049,     0.90591,     0.90691,     0.90791,     0.90891,     0.90991,     0.91091,     0.91191,
           0.91291,     0.91391,     0.91491,     0.91592,     0.91692,     0.91792,     0.91892,     0.91992,     0.92092,     0.92192,     0.92292,     0.92392,     0.92492,     0.92593,     0.92693,     0.92793,     0.92893,     0.92993,     0.93093,     0.93193,     0.93293,     0.93393,     0.93493,     0.93594,
           0.93694,     0.93794,     0.93894,     0.93994,     0.94094,     0.94194,     0.94294,     0.94394,     0.94494,     0.94595,     0.94695,     0.94795,     0.94895,     0.94995,     0.95095,     0.95195,     0.95295,     0.95395,     0.95495,     0.95596,     0.95696,     0.95796,     0.95896,     0.95996,
           0.96096,     0.96196,     0.96296,     0.96396,     0.96496,     0.96597,     0.96697,     0.96797,     0.96897,     0.96997,     0.97097,     0.97197,     0.97297,     0.97397,     0.97497,     0.97598,     0.97698,     0.97798,     0.97898,     0.97998,     0.98098,     0.98198,     0.98298,     0.98398,
           0.98498,     0.98599,     0.98699,     0.98799,     0.98899,     0.98999,     0.99099,     0.99199,     0.99299,     0.99399,     0.99499,       0.996,       0.997,       0.998,       0.999,           1]), array([[          1,           1,        0.95,        0.95,        0.95,        0.95,        0.95,        0.95,        0.95,        0.95,        0.95,        0.95,        0.95,        0.95,        0.95,        0.95,        0.95,        0.95,        0.95,        0.95,        0.95,        0.95,     0.94444,
            0.94444,     0.94444,     0.94444,     0.94413,     0.94413,     0.94413,     0.94413,     0.94413,     0.94413,     0.94413,     0.94413,     0.94413,     0.94413,     0.94413,     0.94413,     0.94413,     0.94413,     0.94413,     0.94413,     0.94413,     0.94413,     0.94413,     0.94413,
            0.94413,     0.94413,     0.94413,     0.94413,     0.94413,     0.94413,     0.94413,     0.94413,     0.94413,     0.94413,     0.94413,     0.94413,     0.94413,     0.94413,     0.94413,     0.94413,     0.94413,     0.94413,     0.94413,     0.94413,     0.94413,     0.94413,     0.94413,
            0.94413,     0.94413,     0.94413,     0.94413,     0.94413,     0.94413,     0.94413,     0.94413,     0.94413,     0.94413,     0.94413,     0.94413,     0.94413,     0.94413,     0.94413,     0.94413,     0.94413,     0.94413,     0.94413,     0.94413,     0.94413,     0.94413,     0.94413,
            0.94413,     0.94413,     0.94413,     0.94413,     0.94413,     0.94413,     0.94413,     0.94413,     0.94413,     0.94413,     0.94413,     0.94413,     0.94413,     0.94413,     0.94413,     0.94413,     0.94413,     0.94413,     0.94413,     0.94413,     0.94413,     0.94413,     0.94413,
            0.94413,     0.94413,     0.94413,     0.94413,     0.94413,     0.94413,     0.94413,     0.94413,     0.94413,     0.94413,     0.94413,     0.94413,     0.94413,     0.94413,     0.94413,     0.94413,     0.94413,     0.94413,     0.94413,     0.94413,     0.94413,     0.94413,     0.94413,
            0.94413,     0.94413,     0.94413,     0.94413,     0.94413,     0.94413,     0.94413,     0.94413,     0.94413,     0.94413,     0.94413,     0.94413,     0.94413,     0.94413,     0.94413,     0.94413,     0.94413,     0.94413,     0.94413,     0.94413,     0.94413,     0.94413,     0.94413,
            0.94413,     0.94413,     0.94413,     0.94413,     0.94413,     0.94413,     0.94413,     0.94413,     0.94413,     0.94413,     0.94413,     0.94413,     0.94413,     0.94413,     0.94413,     0.94413,     0.94413,     0.94413,     0.94413,     0.94413,     0.94413,     0.94413,     0.94413,
            0.94413,     0.94413,     0.94413,     0.94413,     0.94413,     0.94333,     0.94333,     0.94333,     0.94231,     0.94231,     0.94231,     0.94231,     0.94231,     0.94231,     0.94231,     0.94231,     0.94231,     0.94231,     0.94231,     0.94231,     0.94231,     0.94231,     0.94231,
            0.94231,     0.94231,     0.94231,     0.94231,     0.94231,     0.94231,     0.94231,     0.94231,     0.94231,     0.94231,     0.94231,     0.94231,     0.94231,     0.94231,     0.94231,     0.94231,     0.94231,     0.94231,     0.94231,     0.94231,     0.94231,     0.94231,     0.94231,
            0.94231,     0.94231,     0.94231,     0.94231,     0.94231,     0.94231,     0.94231,     0.94231,     0.94231,     0.94231,     0.94231,     0.94231,     0.94231,     0.94231,     0.94231,     0.94231,     0.94231,     0.94231,     0.94231,     0.94231,     0.94231,     0.94231,     0.94231,
            0.94231,     0.94231,     0.94231,     0.94231,     0.94231,     0.94231,     0.94231,     0.94231,     0.94231,     0.94231,     0.94231,     0.94231,     0.94231,     0.94231,     0.94231,     0.94231,     0.94231,     0.94231,     0.94231,     0.94231,     0.94231,     0.94214,     0.94214,
            0.94214,     0.94214,     0.94214,     0.94154,     0.94154,     0.94154,     0.94132,     0.94132,     0.94132,     0.94132,     0.94132,     0.94068,     0.94068,     0.93976,     0.93921,     0.93921,     0.93921,     0.93878,     0.93878,     0.93878,     0.93878,     0.93878,     0.93878,
            0.93878,     0.93878,     0.93878,     0.93878,     0.93878,     0.93878,     0.93878,     0.93878,     0.93878,     0.93792,     0.93757,     0.93757,     0.93757,     0.93757,     0.93757,     0.93757,     0.93757,     0.93757,     0.93757,     0.93757,     0.93675,     0.93594,      0.9359,
             0.9359,      0.9359,      0.9359,      0.9359,     0.93373,     0.93373,     0.93373,     0.93373,     0.93373,     0.93373,     0.93373,     0.93373,     0.93373,     0.93373,     0.93373,     0.93373,     0.93373,     0.93373,     0.93373,     0.93373,     0.93373,     0.93373,     0.93373,
            0.93373,     0.93287,     0.93234,     0.93234,     0.93204,     0.93204,     0.93204,     0.93204,     0.93204,     0.93204,     0.93204,     0.93204,     0.93199,     0.93199,     0.93199,     0.93199,     0.93199,     0.93123,     0.93074,     0.93074,     0.93034,     0.93034,     0.93034,
            0.93034,     0.93034,     0.93034,     0.93034,     0.93034,     0.93034,     0.93034,     0.93034,     0.93034,     0.93034,     0.92987,     0.92987,     0.92916,     0.92895,     0.92895,     0.92895,     0.92895,     0.92895,     0.92895,     0.92895,     0.92895,     0.92895,     0.92895,
            0.92895,     0.92895,     0.92895,     0.92832,     0.92777,     0.92777,     0.92777,     0.92777,     0.92777,     0.92777,     0.92777,      0.9276,      0.9276,      0.9276,     0.92621,     0.92502,     0.92502,     0.92502,       0.925,       0.925,       0.925,       0.925,     0.92476,
            0.92476,     0.92476,     0.92476,     0.92476,     0.92476,     0.92476,     0.92476,     0.92476,     0.92476,     0.92476,     0.92476,     0.92438,     0.92438,     0.92438,     0.92394,     0.92332,     0.92314,     0.92314,     0.92314,     0.92277,     0.92277,     0.92277,     0.92229,
            0.92169,     0.92142,     0.92142,     0.92142,     0.92142,     0.92142,     0.92142,     0.92142,     0.92115,     0.92115,     0.92115,     0.92115,     0.92115,     0.92115,     0.92115,     0.91943,     0.91943,     0.91904,     0.91904,     0.91847,     0.91716,     0.91716,     0.91716,
            0.91716,     0.91716,     0.91716,     0.91716,     0.91716,     0.91654,     0.91606,     0.91564,     0.91509,     0.91455,     0.91439,     0.91439,     0.91439,     0.91404,     0.91404,     0.91292,     0.91246,     0.91166,     0.91166,     0.91166,     0.91114,     0.90966,     0.90966,
            0.90751,     0.90751,     0.90751,     0.90677,     0.90677,     0.90627,     0.90515,     0.90466,     0.90424,     0.90382,     0.90347,     0.90299,      0.9027,      0.9027,     0.90201,     0.90201,     0.90201,     0.90154,      0.9012,      0.8996,     0.89847,     0.89822,     0.89822,
            0.89646,     0.89646,     0.89646,     0.89549,     0.89505,      0.8946,     0.89325,     0.89325,     0.89325,     0.89325,     0.89325,     0.89295,     0.89258,     0.89208,     0.89186,     0.89186,     0.89177,     0.89177,     0.89128,     0.89126,     0.89126,     0.89126,     0.89049,
            0.88944,      0.8882,      0.8882,     0.88676,     0.88594,     0.88594,     0.88459,     0.88318,     0.88286,     0.88239,     0.88097,     0.88097,     0.88097,     0.88065,     0.87995,     0.87995,      0.8795,     0.87626,     0.87626,     0.87537,     0.87463,     0.87419,      0.8725,
            0.87163,     0.87119,      0.8704,     0.86574,     0.86532,     0.86463,     0.86452,     0.86452,     0.86361,     0.86343,     0.86307,     0.86307,     0.86307,     0.86199,     0.86199,     0.86166,     0.86082,     0.86082,     0.86082,     0.86082,     0.86082,     0.86024,     0.86024,
            0.85952,     0.85928,     0.85864,     0.85832,     0.85793,     0.85769,     0.85667,     0.85667,     0.85465,      0.8535,     0.85313,     0.85313,     0.85313,     0.85245,     0.85124,     0.84874,     0.84763,     0.84599,     0.84558,     0.84558,     0.84421,     0.84421,     0.84153,
             0.8395,     0.83871,     0.83853,     0.83747,     0.83333,     0.83188,     0.83171,     0.82859,     0.82666,     0.82635,     0.82635,     0.82611,      0.8253,     0.82497,      0.8235,     0.82335,     0.82239,     0.81859,     0.81845,     0.81649,     0.81649,     0.81627,     0.81454,
            0.81451,      0.8142,     0.81289,     0.81277,     0.81178,     0.81175,     0.81103,     0.81103,     0.80927,     0.80857,     0.80857,     0.80426,     0.80188,     0.79869,     0.79748,     0.79665,     0.79656,      0.7962,     0.79519,     0.79374,     0.79347,     0.79266,     0.79113,
             0.7906,     0.78883,     0.78671,     0.78671,     0.78523,     0.78166,     0.77976,     0.77249,     0.77245,     0.77082,     0.77058,     0.76953,     0.76916,     0.76903,     0.76733,     0.76641,     0.76562,     0.76516,     0.76448,     0.76347,     0.76335,     0.76041,     0.75942,
            0.75941,     0.75833,       0.758,     0.75766,     0.75765,     0.75722,     0.75594,      0.7552,     0.75467,     0.75446,     0.75352,     0.75134,     0.74938,     0.74603,     0.74603,     0.74302,     0.74173,     0.73917,      0.7379,     0.73556,     0.73402,     0.73212,     0.73165,
            0.72863,     0.72713,     0.72649,      0.7254,     0.72487,     0.72411,     0.72411,     0.72321,     0.72103,     0.72014,     0.71991,     0.71272,     0.71267,     0.71208,     0.71054,     0.70757,     0.70685,     0.70534,      0.7041,     0.70391,     0.70103,     0.69956,     0.69684,
            0.69529,     0.69211,     0.69107,     0.68945,     0.68732,     0.68462,     0.68182,     0.67952,      0.6769,     0.67465,     0.67289,     0.67207,     0.67091,     0.66964,     0.66565,     0.66565,     0.66083,     0.65917,     0.64683,     0.64328,     0.64249,     0.64249,     0.63951,
             0.6378,     0.63427,     0.62968,     0.62804,      0.6232,     0.62293,     0.61827,     0.61312,     0.60907,     0.60246,      0.6003,     0.59857,     0.59715,     0.59346,     0.59139,     0.59042,     0.58803,     0.58669,     0.58238,     0.57958,     0.57649,     0.57494,       0.574,
            0.57275,     0.57235,     0.57127,     0.56814,     0.56775,     0.56573,      0.5638,     0.56231,     0.56114,     0.55699,     0.55541,      0.5515,     0.54993,     0.54771,     0.54708,     0.54526,     0.54079,     0.54079,     0.53657,     0.52879,      0.5257,     0.52528,     0.52445,
            0.51835,     0.51276,     0.50991,     0.50732,     0.50695,     0.50537,     0.50177,     0.49918,     0.49789,     0.49697,     0.49662,     0.49547,     0.48646,     0.48504,     0.48146,      0.4789,     0.47344,     0.47222,     0.46906,     0.46039,     0.45934,     0.45552,     0.44952,
            0.44745,     0.44531,     0.44481,     0.43768,     0.43768,     0.43049,     0.42471,     0.41987,     0.41876,     0.41496,     0.41346,     0.40644,     0.39975,     0.39658,     0.39403,     0.39034,     0.38515,     0.38323,     0.37896,     0.37792,     0.37736,     0.37487,     0.37268,
             0.3707,     0.36913,     0.36587,     0.36429,     0.35939,     0.35752,     0.34822,     0.34751,      0.3443,     0.34282,     0.34276,     0.33417,     0.33363,     0.33037,     0.32807,     0.32368,     0.32172,     0.31746,     0.31463,     0.31323,     0.30573,     0.30086,     0.29202,
            0.29098,     0.28861,     0.27966,     0.27865,     0.27498,     0.27189,     0.26833,     0.26531,     0.26195,     0.25521,     0.25108,     0.24537,     0.24063,     0.23557,     0.23496,     0.23002,     0.22951,     0.22337,     0.22103,     0.22099,     0.21907,     0.21576,     0.21206,
            0.20617,     0.20305,     0.19904,     0.19541,     0.18983,     0.18817,     0.18578,     0.17836,     0.17704,     0.17622,     0.17584,     0.17309,      0.1675,     0.16631,     0.16288,     0.15861,     0.15829,     0.15644,     0.15194,     0.15074,     0.15022,     0.14591,     0.14584,
             0.1454,     0.14417,     0.14241,     0.13811,     0.13514,           0,           0,           0,           0,           0,           0,           0,           0,           0,           0,           0,           0,           0,           0,           0,           0,           0,           0,
                  0,           0,           0,           0,           0,           0,           0,           0,           0,           0,           0,           0,           0,           0,           0,           0,           0,           0,           0,           0,           0,           0,           0,
                  0,           0,           0,           0,           0,           0,           0,           0,           0,           0,           0,           0,           0,           0,           0,           0,           0,           0,           0,           0,           0,           0,           0,
                  0,           0,           0,           0,           0,           0,           0,           0,           0,           0,           0,           0,           0,           0,           0,           0,           0,           0,           0,           0,           0,           0,           0,
                  0,           0,           0,           0,           0,           0,           0,           0,           0,           0,           0]]), 'Recall', 'Precision'], [array([          0,    0.001001,    0.002002,    0.003003,    0.004004,    0.005005,    0.006006,    0.007007,    0.008008,    0.009009,     0.01001,    0.011011,    0.012012,    0.013013,    0.014014,    0.015015,    0.016016,    0.017017,    0.018018,    0.019019,     0.02002,    0.021021,    0.022022,    0.023023,
          0.024024,    0.025025,    0.026026,    0.027027,    0.028028,    0.029029,     0.03003,    0.031031,    0.032032,    0.033033,    0.034034,    0.035035,    0.036036,    0.037037,    0.038038,    0.039039,     0.04004,    0.041041,    0.042042,    0.043043,    0.044044,    0.045045,    0.046046,    0.047047,
          0.048048,    0.049049,     0.05005,    0.051051,    0.052052,    0.053053,    0.054054,    0.055055,    0.056056,    0.057057,    0.058058,    0.059059,     0.06006,    0.061061,    0.062062,    0.063063,    0.064064,    0.065065,    0.066066,    0.067067,    0.068068,    0.069069,     0.07007,    0.071071,
          0.072072,    0.073073,    0.074074,    0.075075,    0.076076,    0.077077,    0.078078,    0.079079,     0.08008,    0.081081,    0.082082,    0.083083,    0.084084,    0.085085,    0.086086,    0.087087,    0.088088,    0.089089,     0.09009,    0.091091,    0.092092,    0.093093,    0.094094,    0.095095,
          0.096096,    0.097097,    0.098098,    0.099099,      0.1001,      0.1011,      0.1021,      0.1031,      0.1041,     0.10511,     0.10611,     0.10711,     0.10811,     0.10911,     0.11011,     0.11111,     0.11211,     0.11311,     0.11411,     0.11512,     0.11612,     0.11712,     0.11812,     0.11912,
           0.12012,     0.12112,     0.12212,     0.12312,     0.12412,     0.12513,     0.12613,     0.12713,     0.12813,     0.12913,     0.13013,     0.13113,     0.13213,     0.13313,     0.13413,     0.13514,     0.13614,     0.13714,     0.13814,     0.13914,     0.14014,     0.14114,     0.14214,     0.14314,
           0.14414,     0.14515,     0.14615,     0.14715,     0.14815,     0.14915,     0.15015,     0.15115,     0.15215,     0.15315,     0.15415,     0.15516,     0.15616,     0.15716,     0.15816,     0.15916,     0.16016,     0.16116,     0.16216,     0.16316,     0.16416,     0.16517,     0.16617,     0.16717,
           0.16817,     0.16917,     0.17017,     0.17117,     0.17217,     0.17317,     0.17417,     0.17518,     0.17618,     0.17718,     0.17818,     0.17918,     0.18018,     0.18118,     0.18218,     0.18318,     0.18418,     0.18519,     0.18619,     0.18719,     0.18819,     0.18919,     0.19019,     0.19119,
           0.19219,     0.19319,     0.19419,      0.1952,      0.1962,      0.1972,      0.1982,      0.1992,      0.2002,      0.2012,      0.2022,      0.2032,      0.2042,     0.20521,     0.20621,     0.20721,     0.20821,     0.20921,     0.21021,     0.21121,     0.21221,     0.21321,     0.21421,     0.21522,
           0.21622,     0.21722,     0.21822,     0.21922,     0.22022,     0.22122,     0.22222,     0.22322,     0.22422,     0.22523,     0.22623,     0.22723,     0.22823,     0.22923,     0.23023,     0.23123,     0.23223,     0.23323,     0.23423,     0.23524,     0.23624,     0.23724,     0.23824,     0.23924,
           0.24024,     0.24124,     0.24224,     0.24324,     0.24424,     0.24525,     0.24625,     0.24725,     0.24825,     0.24925,     0.25025,     0.25125,     0.25225,     0.25325,     0.25425,     0.25526,     0.25626,     0.25726,     0.25826,     0.25926,     0.26026,     0.26126,     0.26226,     0.26326,
           0.26426,     0.26527,     0.26627,     0.26727,     0.26827,     0.26927,     0.27027,     0.27127,     0.27227,     0.27327,     0.27427,     0.27528,     0.27628,     0.27728,     0.27828,     0.27928,     0.28028,     0.28128,     0.28228,     0.28328,     0.28428,     0.28529,     0.28629,     0.28729,
           0.28829,     0.28929,     0.29029,     0.29129,     0.29229,     0.29329,     0.29429,      0.2953,      0.2963,      0.2973,      0.2983,      0.2993,      0.3003,      0.3013,      0.3023,      0.3033,      0.3043,     0.30531,     0.30631,     0.30731,     0.30831,     0.30931,     0.31031,     0.31131,
           0.31231,     0.31331,     0.31431,     0.31532,     0.31632,     0.31732,     0.31832,     0.31932,     0.32032,     0.32132,     0.32232,     0.32332,     0.32432,     0.32533,     0.32633,     0.32733,     0.32833,     0.32933,     0.33033,     0.33133,     0.33233,     0.33333,     0.33433,     0.33534,
           0.33634,     0.33734,     0.33834,     0.33934,     0.34034,     0.34134,     0.34234,     0.34334,     0.34434,     0.34535,     0.34635,     0.34735,     0.34835,     0.34935,     0.35035,     0.35135,     0.35235,     0.35335,     0.35435,     0.35536,     0.35636,     0.35736,     0.35836,     0.35936,
           0.36036,     0.36136,     0.36236,     0.36336,     0.36436,     0.36537,     0.36637,     0.36737,     0.36837,     0.36937,     0.37037,     0.37137,     0.37237,     0.37337,     0.37437,     0.37538,     0.37638,     0.37738,     0.37838,     0.37938,     0.38038,     0.38138,     0.38238,     0.38338,
           0.38438,     0.38539,     0.38639,     0.38739,     0.38839,     0.38939,     0.39039,     0.39139,     0.39239,     0.39339,     0.39439,      0.3954,      0.3964,      0.3974,      0.3984,      0.3994,      0.4004,      0.4014,      0.4024,      0.4034,      0.4044,     0.40541,     0.40641,     0.40741,
           0.40841,     0.40941,     0.41041,     0.41141,     0.41241,     0.41341,     0.41441,     0.41542,     0.41642,     0.41742,     0.41842,     0.41942,     0.42042,     0.42142,     0.42242,     0.42342,     0.42442,     0.42543,     0.42643,     0.42743,     0.42843,     0.42943,     0.43043,     0.43143,
           0.43243,     0.43343,     0.43443,     0.43544,     0.43644,     0.43744,     0.43844,     0.43944,     0.44044,     0.44144,     0.44244,     0.44344,     0.44444,     0.44545,     0.44645,     0.44745,     0.44845,     0.44945,     0.45045,     0.45145,     0.45245,     0.45345,     0.45445,     0.45546,
           0.45646,     0.45746,     0.45846,     0.45946,     0.46046,     0.46146,     0.46246,     0.46346,     0.46446,     0.46547,     0.46647,     0.46747,     0.46847,     0.46947,     0.47047,     0.47147,     0.47247,     0.47347,     0.47447,     0.47548,     0.47648,     0.47748,     0.47848,     0.47948,
           0.48048,     0.48148,     0.48248,     0.48348,     0.48448,     0.48549,     0.48649,     0.48749,     0.48849,     0.48949,     0.49049,     0.49149,     0.49249,     0.49349,     0.49449,      0.4955,      0.4965,      0.4975,      0.4985,      0.4995,      0.5005,      0.5015,      0.5025,      0.5035,
            0.5045,     0.50551,     0.50651,     0.50751,     0.50851,     0.50951,     0.51051,     0.51151,     0.51251,     0.51351,     0.51451,     0.51552,     0.51652,     0.51752,     0.51852,     0.51952,     0.52052,     0.52152,     0.52252,     0.52352,     0.52452,     0.52553,     0.52653,     0.52753,
           0.52853,     0.52953,     0.53053,     0.53153,     0.53253,     0.53353,     0.53453,     0.53554,     0.53654,     0.53754,     0.53854,     0.53954,     0.54054,     0.54154,     0.54254,     0.54354,     0.54454,     0.54555,     0.54655,     0.54755,     0.54855,     0.54955,     0.55055,     0.55155,
           0.55255,     0.55355,     0.55455,     0.55556,     0.55656,     0.55756,     0.55856,     0.55956,     0.56056,     0.56156,     0.56256,     0.56356,     0.56456,     0.56557,     0.56657,     0.56757,     0.56857,     0.56957,     0.57057,     0.57157,     0.57257,     0.57357,     0.57457,     0.57558,
           0.57658,     0.57758,     0.57858,     0.57958,     0.58058,     0.58158,     0.58258,     0.58358,     0.58458,     0.58559,     0.58659,     0.58759,     0.58859,     0.58959,     0.59059,     0.59159,     0.59259,     0.59359,     0.59459,      0.5956,      0.5966,      0.5976,      0.5986,      0.5996,
            0.6006,      0.6016,      0.6026,      0.6036,      0.6046,     0.60561,     0.60661,     0.60761,     0.60861,     0.60961,     0.61061,     0.61161,     0.61261,     0.61361,     0.61461,     0.61562,     0.61662,     0.61762,     0.61862,     0.61962,     0.62062,     0.62162,     0.62262,     0.62362,
           0.62462,     0.62563,     0.62663,     0.62763,     0.62863,     0.62963,     0.63063,     0.63163,     0.63263,     0.63363,     0.63463,     0.63564,     0.63664,     0.63764,     0.63864,     0.63964,     0.64064,     0.64164,     0.64264,     0.64364,     0.64464,     0.64565,     0.64665,     0.64765,
           0.64865,     0.64965,     0.65065,     0.65165,     0.65265,     0.65365,     0.65465,     0.65566,     0.65666,     0.65766,     0.65866,     0.65966,     0.66066,     0.66166,     0.66266,     0.66366,     0.66466,     0.66567,     0.66667,     0.66767,     0.66867,     0.66967,     0.67067,     0.67167,
           0.67267,     0.67367,     0.67467,     0.67568,     0.67668,     0.67768,     0.67868,     0.67968,     0.68068,     0.68168,     0.68268,     0.68368,     0.68468,     0.68569,     0.68669,     0.68769,     0.68869,     0.68969,     0.69069,     0.69169,     0.69269,     0.69369,     0.69469,      0.6957,
            0.6967,      0.6977,      0.6987,      0.6997,      0.7007,      0.7017,      0.7027,      0.7037,      0.7047,     0.70571,     0.70671,     0.70771,     0.70871,     0.70971,     0.71071,     0.71171,     0.71271,     0.71371,     0.71471,     0.71572,     0.71672,     0.71772,     0.71872,     0.71972,
           0.72072,     0.72172,     0.72272,     0.72372,     0.72472,     0.72573,     0.72673,     0.72773,     0.72873,     0.72973,     0.73073,     0.73173,     0.73273,     0.73373,     0.73473,     0.73574,     0.73674,     0.73774,     0.73874,     0.73974,     0.74074,     0.74174,     0.74274,     0.74374,
           0.74474,     0.74575,     0.74675,     0.74775,     0.74875,     0.74975,     0.75075,     0.75175,     0.75275,     0.75375,     0.75475,     0.75576,     0.75676,     0.75776,     0.75876,     0.75976,     0.76076,     0.76176,     0.76276,     0.76376,     0.76476,     0.76577,     0.76677,     0.76777,
           0.76877,     0.76977,     0.77077,     0.77177,     0.77277,     0.77377,     0.77477,     0.77578,     0.77678,     0.77778,     0.77878,     0.77978,     0.78078,     0.78178,     0.78278,     0.78378,     0.78478,     0.78579,     0.78679,     0.78779,     0.78879,     0.78979,     0.79079,     0.79179,
           0.79279,     0.79379,     0.79479,      0.7958,      0.7968,      0.7978,      0.7988,      0.7998,      0.8008,      0.8018,      0.8028,      0.8038,      0.8048,     0.80581,     0.80681,     0.80781,     0.80881,     0.80981,     0.81081,     0.81181,     0.81281,     0.81381,     0.81481,     0.81582,
           0.81682,     0.81782,     0.81882,     0.81982,     0.82082,     0.82182,     0.82282,     0.82382,     0.82482,     0.82583,     0.82683,     0.82783,     0.82883,     0.82983,     0.83083,     0.83183,     0.83283,     0.83383,     0.83483,     0.83584,     0.83684,     0.83784,     0.83884,     0.83984,
           0.84084,     0.84184,     0.84284,     0.84384,     0.84484,     0.84585,     0.84685,     0.84785,     0.84885,     0.84985,     0.85085,     0.85185,     0.85285,     0.85385,     0.85485,     0.85586,     0.85686,     0.85786,     0.85886,     0.85986,     0.86086,     0.86186,     0.86286,     0.86386,
           0.86486,     0.86587,     0.86687,     0.86787,     0.86887,     0.86987,     0.87087,     0.87187,     0.87287,     0.87387,     0.87487,     0.87588,     0.87688,     0.87788,     0.87888,     0.87988,     0.88088,     0.88188,     0.88288,     0.88388,     0.88488,     0.88589,     0.88689,     0.88789,
           0.88889,     0.88989,     0.89089,     0.89189,     0.89289,     0.89389,     0.89489,      0.8959,      0.8969,      0.8979,      0.8989,      0.8999,      0.9009,      0.9019,      0.9029,      0.9039,      0.9049,     0.90591,     0.90691,     0.90791,     0.90891,     0.90991,     0.91091,     0.91191,
           0.91291,     0.91391,     0.91491,     0.91592,     0.91692,     0.91792,     0.91892,     0.91992,     0.92092,     0.92192,     0.92292,     0.92392,     0.92492,     0.92593,     0.92693,     0.92793,     0.92893,     0.92993,     0.93093,     0.93193,     0.93293,     0.93393,     0.93493,     0.93594,
           0.93694,     0.93794,     0.93894,     0.93994,     0.94094,     0.94194,     0.94294,     0.94394,     0.94494,     0.94595,     0.94695,     0.94795,     0.94895,     0.94995,     0.95095,     0.95195,     0.95295,     0.95395,     0.95495,     0.95596,     0.95696,     0.95796,     0.95896,     0.95996,
           0.96096,     0.96196,     0.96296,     0.96396,     0.96496,     0.96597,     0.96697,     0.96797,     0.96897,     0.96997,     0.97097,     0.97197,     0.97297,     0.97397,     0.97497,     0.97598,     0.97698,     0.97798,     0.97898,     0.97998,     0.98098,     0.98198,     0.98298,     0.98398,
           0.98498,     0.98599,     0.98699,     0.98799,     0.98899,     0.98999,     0.99099,     0.99199,     0.99299,     0.99399,     0.99499,       0.996,       0.997,       0.998,       0.999,           1]), array([[    0.22566,     0.22581,     0.32017,     0.37921,     0.42631,     0.46104,     0.48686,     0.50876,     0.52544,     0.54132,     0.55668,     0.56893,     0.57785,     0.58709,     0.59509,     0.60339,     0.61052,     0.61489,     0.61988,     0.62562,     0.62977,     0.63507,     0.63985,
            0.64222,     0.64583,     0.64962,     0.65164,      0.6536,     0.65485,     0.65733,      0.6599,     0.66288,     0.66482,     0.66722,     0.67004,      0.6721,     0.67439,     0.67647,     0.67776,     0.67978,     0.68217,     0.68345,     0.68447,     0.68491,      0.6864,     0.68728,
            0.68877,     0.69078,      0.6928,     0.69335,     0.69497,     0.69538,     0.69706,     0.69711,     0.69747,     0.69727,     0.69761,     0.69794,     0.69888,     0.69937,     0.70051,     0.70094,     0.70187,     0.70262,     0.70296,     0.70336,     0.70394,     0.70483,     0.70556,
            0.70595,     0.70615,     0.70683,     0.70647,     0.70664,     0.70645,     0.70676,     0.70773,     0.70754,     0.70752,     0.70747,     0.70837,     0.70965,     0.70961,     0.70992,     0.71013,     0.71037,     0.70944,     0.70909,     0.70902,      0.7094,     0.70915,      0.7098,
            0.71007,        0.71,     0.71004,      0.7103,     0.71047,     0.71034,     0.71082,     0.71065,     0.71137,     0.71157,      0.7116,     0.71156,     0.71194,     0.71194,     0.71242,     0.71265,     0.71327,      0.7132,     0.71361,     0.71331,     0.71274,     0.71249,     0.71231,
             0.7125,     0.71228,     0.71155,      0.7112,     0.71082,     0.71061,     0.71033,     0.70976,     0.70999,     0.70985,     0.71046,     0.70984,     0.71017,     0.70987,     0.70954,      0.7095,     0.70922,     0.70885,     0.70889,     0.70896,     0.70853,     0.70795,     0.70767,
            0.70745,     0.70771,     0.70688,     0.70694,     0.70743,     0.70816,     0.70874,     0.70892,     0.70911,     0.70909,     0.70954,     0.70972,     0.71035,     0.71007,     0.71047,     0.71055,     0.70962,     0.70967,     0.71005,     0.71035,     0.71017,     0.71001,     0.71014,
            0.71007,      0.7099,      0.7098,     0.70986,     0.70982,     0.70994,     0.70953,     0.70937,     0.70907,     0.70921,     0.70896,     0.70846,     0.70797,     0.70783,     0.70755,     0.70738,     0.70708,     0.70712,     0.70768,     0.70775,     0.70791,       0.708,     0.70832,
            0.70854,     0.70818,     0.70816,     0.70831,     0.70876,     0.70927,      0.7085,     0.70797,     0.70823,     0.70831,     0.70855,     0.70722,     0.70749,     0.70658,     0.70638,     0.70622,     0.70581,     0.70556,     0.70552,     0.70518,     0.70457,     0.70385,     0.70431,
            0.70454,     0.70341,     0.70317,     0.70363,     0.70334,     0.70311,     0.70295,     0.70279,     0.70295,     0.70296,     0.70348,     0.70339,     0.70327,     0.70263,     0.70258,     0.70263,      0.7028,     0.70263,     0.70253,     0.70175,     0.70157,     0.70113,     0.70066,
            0.69998,     0.69975,     0.69967,     0.69986,     0.69999,     0.70021,     0.69936,     0.69891,     0.69902,     0.69926,     0.69962,     0.69954,     0.69967,     0.70036,     0.69995,     0.69969,     0.69933,     0.69923,     0.69925,     0.69897,      0.6991,      0.6994,     0.69887,
            0.69871,     0.69935,     0.69907,     0.69815,     0.69797,     0.69818,     0.69813,      0.6973,     0.69677,     0.69672,     0.69678,     0.69677,     0.69701,     0.69679,     0.69644,     0.69628,     0.69644,     0.69665,     0.69621,     0.69653,     0.69635,     0.69597,     0.69516,
            0.69491,     0.69439,     0.69437,     0.69418,     0.69427,     0.69416,     0.69347,     0.69381,     0.69354,     0.69357,     0.69377,     0.69322,      0.6924,     0.69221,     0.69243,     0.69251,     0.69191,      0.6916,     0.69127,     0.69117,     0.69126,     0.69027,     0.68992,
            0.68897,     0.68904,     0.68887,     0.68857,     0.68782,     0.68752,     0.68669,     0.68579,      0.6846,     0.68426,     0.68444,     0.68373,      0.6832,     0.68294,     0.68215,     0.68159,     0.68113,       0.681,     0.68104,      0.6808,     0.67988,     0.67966,     0.67961,
              0.679,     0.67855,     0.67851,     0.67788,     0.67759,     0.67746,     0.67749,     0.67726,     0.67708,     0.67726,     0.67741,      0.6771,      0.6767,     0.67671,     0.67645,     0.67627,     0.67618,      0.6755,     0.67537,     0.67545,     0.67481,     0.67466,     0.67433,
            0.67416,     0.67376,     0.67311,     0.67321,     0.67311,     0.67328,     0.67348,     0.67325,     0.67339,     0.67337,     0.67248,     0.67222,     0.67207,     0.67165,      0.6714,     0.67096,     0.67069,     0.67052,     0.66996,     0.66906,     0.66926,      0.6691,     0.66888,
            0.66875,     0.66802,     0.66785,     0.66764,     0.66715,     0.66748,      0.6674,     0.66688,     0.66652,     0.66679,     0.66651,       0.666,     0.66583,     0.66531,     0.66539,     0.66542,     0.66468,     0.66451,     0.66415,     0.66373,     0.66316,     0.66285,     0.66275,
            0.66265,     0.66276,     0.66131,     0.66032,     0.66014,      0.6602,     0.65961,     0.65927,      0.6586,     0.65838,     0.65814,     0.65779,     0.65757,     0.65665,     0.65656,     0.65612,     0.65511,     0.65469,     0.65433,     0.65378,     0.65328,     0.65251,     0.65099,
            0.65078,     0.65076,     0.65083,     0.65067,     0.65031,     0.65013,     0.64979,     0.64928,     0.64938,     0.64913,     0.64922,     0.64904,     0.64812,     0.64776,     0.64749,     0.64703,     0.64728,     0.64672,     0.64681,     0.64679,     0.64595,     0.64529,     0.64456,
            0.64478,       0.645,     0.64473,     0.64391,     0.64384,     0.64332,     0.64261,     0.64228,     0.64206,     0.64146,      0.6408,     0.64104,     0.64089,     0.64066,     0.64027,     0.63897,      0.6378,     0.63672,     0.63648,     0.63604,     0.63571,     0.63546,     0.63525,
            0.63485,     0.63422,     0.63405,     0.63351,     0.63298,     0.63255,     0.63236,     0.63151,     0.63096,     0.63069,      0.6302,     0.62957,     0.62961,     0.62973,     0.62925,     0.62879,     0.62855,     0.62819,      0.6278,     0.62757,     0.62689,     0.62619,     0.62599,
            0.62555,     0.62466,      0.6248,     0.62469,     0.62441,     0.62424,     0.62374,     0.62323,     0.62255,     0.62168,     0.62078,     0.62014,     0.61971,     0.61947,     0.61898,     0.61885,     0.61873,     0.61784,     0.61733,     0.61744,     0.61638,     0.61534,     0.61493,
             0.6129,     0.61203,      0.6118,     0.61068,     0.60978,     0.61004,     0.61012,     0.60996,     0.60958,     0.60904,     0.60867,     0.60802,     0.60692,     0.60634,     0.60633,      0.6063,     0.60516,     0.60418,     0.60388,     0.60298,     0.60221,     0.60051,     0.60065,
            0.60017,     0.59979,     0.59908,     0.59793,     0.59736,     0.59571,     0.59564,      0.5951,      0.5947,     0.59315,     0.59202,     0.59184,     0.59082,     0.58971,     0.58945,     0.58924,      0.5874,     0.58637,     0.58609,     0.58605,     0.58477,     0.58446,     0.58389,
            0.58237,      0.5813,     0.58035,        0.58,     0.57924,     0.57878,     0.57822,     0.57737,     0.57715,     0.57662,     0.57574,     0.57458,      0.5741,     0.57301,     0.57219,      0.5709,     0.57048,     0.56995,     0.56922,      0.5679,     0.56707,     0.56594,     0.56468,
            0.56383,     0.56275,     0.56154,     0.56045,     0.55998,      0.5597,     0.55903,     0.55836,     0.55753,     0.55489,     0.55419,     0.55361,     0.55286,     0.55233,     0.55144,     0.55078,     0.54966,     0.54809,     0.54731,     0.54542,     0.54429,     0.54386,     0.54172,
            0.54041,     0.53986,     0.53948,     0.53794,     0.53653,     0.53476,     0.53394,     0.53249,     0.53159,     0.53024,     0.52815,     0.52666,     0.52527,     0.52493,     0.52419,      0.5236,     0.52205,     0.52021,     0.51885,     0.51654,     0.51538,     0.51382,     0.51245,
            0.50985,     0.50852,     0.50731,     0.50503,     0.50482,     0.50203,     0.50042,     0.49713,     0.49529,     0.49203,     0.49048,     0.48745,     0.48585,     0.48521,      0.4851,     0.48342,     0.48326,     0.48158,     0.47977,     0.47937,     0.47783,     0.47767,     0.47443,
             0.4716,     0.47006,     0.46829,     0.46749,     0.46491,     0.46381,     0.46188,      0.4583,     0.45519,     0.45389,      0.4516,     0.45018,     0.44883,     0.44675,     0.44503,     0.44231,     0.44113,     0.44046,     0.43914,      0.4392,     0.43844,     0.43631,     0.43505,
            0.43359,     0.43173,     0.43003,     0.42975,     0.42728,     0.42423,     0.42311,     0.41972,     0.41693,     0.41612,     0.41378,     0.41198,     0.40941,     0.40555,     0.40182,     0.40004,     0.39648,     0.39498,     0.39173,     0.38934,     0.38557,     0.38329,     0.38132,
            0.37719,     0.37431,     0.36846,     0.36678,     0.36569,     0.36316,     0.35927,     0.35565,     0.35354,     0.35094,     0.34855,     0.34673,     0.34397,     0.34263,     0.34229,     0.34191,     0.33941,     0.33627,     0.33378,     0.33252,     0.32855,     0.32803,     0.32672,
            0.32568,     0.32303,     0.32108,     0.31976,     0.31825,      0.3156,     0.31109,     0.30774,     0.30561,     0.30167,     0.30026,     0.29717,      0.2937,     0.29298,       0.291,     0.28879,     0.28289,     0.28133,     0.27783,      0.2751,     0.27127,     0.26706,     0.26446,
            0.26368,     0.25938,     0.25374,     0.24967,     0.24462,     0.24285,     0.23988,     0.23675,     0.23425,     0.23136,     0.22763,     0.22549,     0.22194,     0.21652,     0.21196,     0.20832,     0.20418,     0.20176,     0.19833,     0.19551,     0.19111,     0.18505,     0.18091,
            0.17848,     0.17401,     0.16822,     0.16553,     0.16111,     0.15758,     0.15317,     0.14907,     0.14736,     0.14226,     0.13916,     0.13291,     0.12945,     0.12576,      0.1216,      0.1159,     0.11055,     0.10723,     0.10372,     0.10048,    0.097286,    0.096089,    0.093971,
           0.086959,    0.080828,    0.078925,    0.076266,    0.073072,    0.071426,    0.070226,    0.066397,    0.064903,    0.060744,    0.057356,    0.054175,    0.053227,    0.051501,    0.048134,    0.043864,    0.041476,    0.039856,    0.038304,    0.036771,    0.034818,    0.033362,    0.031307,
           0.029918,    0.027662,    0.027135,    0.025478,    0.024452,    0.022624,    0.021537,     0.01877,    0.018133,    0.017714,    0.016036,     0.01526,    0.014782,    0.012798,    0.011836,    0.011377,     0.01029,   0.0096947,   0.0088459,   0.0082298,    0.007592,   0.0071192,   0.0067129,
          0.0053776,    0.004801,   0.0036835,   0.0034176,   0.0031515,    0.002872,   0.0025641,   0.0022561,   0.0022291,   0.0022293,   0.0022295,   0.0020746,   0.0014547,   0.0013325,   0.0012103,    0.001088,   0.0009658,  0.00084354,           0,           0,           0,           0,           0,
                  0,           0,           0,           0,           0,           0,           0,           0,           0,           0,           0,           0,           0,           0,           0,           0,           0,           0,           0,           0,           0,           0,           0,
                  0,           0,           0,           0,           0,           0,           0,           0,           0,           0,           0,           0,           0,           0,           0,           0,           0,           0,           0,           0,           0,           0,           0,
                  0,           0,           0,           0,           0,           0,           0,           0,           0,           0,           0,           0,           0,           0,           0,           0,           0,           0,           0,           0,           0,           0,           0,
                  0,           0,           0,           0,           0,           0,           0,           0,           0,           0,           0,           0,           0,           0,           0,           0,           0,           0,           0,           0,           0,           0,           0,
                  0,           0,           0,           0,           0,           0,           0,           0,           0,           0,           0,           0,           0,           0,           0,           0,           0,           0,           0,           0,           0,           0,           0,
                  0,           0,           0,           0,           0,           0,           0,           0,           0,           0,           0,           0,           0,           0,           0,           0,           0,           0,           0,           0,           0,           0,           0,
                  0,           0,           0,           0,           0,           0,           0,           0,           0,           0,           0]]), 'Confidence', 'F1'], [array([          0,    0.001001,    0.002002,    0.003003,    0.004004,    0.005005,    0.006006,    0.007007,    0.008008,    0.009009,     0.01001,    0.011011,    0.012012,    0.013013,    0.014014,    0.015015,    0.016016,    0.017017,    0.018018,    0.019019,     0.02002,    0.021021,    0.022022,    0.023023,
          0.024024,    0.025025,    0.026026,    0.027027,    0.028028,    0.029029,     0.03003,    0.031031,    0.032032,    0.033033,    0.034034,    0.035035,    0.036036,    0.037037,    0.038038,    0.039039,     0.04004,    0.041041,    0.042042,    0.043043,    0.044044,    0.045045,    0.046046,    0.047047,
          0.048048,    0.049049,     0.05005,    0.051051,    0.052052,    0.053053,    0.054054,    0.055055,    0.056056,    0.057057,    0.058058,    0.059059,     0.06006,    0.061061,    0.062062,    0.063063,    0.064064,    0.065065,    0.066066,    0.067067,    0.068068,    0.069069,     0.07007,    0.071071,
          0.072072,    0.073073,    0.074074,    0.075075,    0.076076,    0.077077,    0.078078,    0.079079,     0.08008,    0.081081,    0.082082,    0.083083,    0.084084,    0.085085,    0.086086,    0.087087,    0.088088,    0.089089,     0.09009,    0.091091,    0.092092,    0.093093,    0.094094,    0.095095,
          0.096096,    0.097097,    0.098098,    0.099099,      0.1001,      0.1011,      0.1021,      0.1031,      0.1041,     0.10511,     0.10611,     0.10711,     0.10811,     0.10911,     0.11011,     0.11111,     0.11211,     0.11311,     0.11411,     0.11512,     0.11612,     0.11712,     0.11812,     0.11912,
           0.12012,     0.12112,     0.12212,     0.12312,     0.12412,     0.12513,     0.12613,     0.12713,     0.12813,     0.12913,     0.13013,     0.13113,     0.13213,     0.13313,     0.13413,     0.13514,     0.13614,     0.13714,     0.13814,     0.13914,     0.14014,     0.14114,     0.14214,     0.14314,
           0.14414,     0.14515,     0.14615,     0.14715,     0.14815,     0.14915,     0.15015,     0.15115,     0.15215,     0.15315,     0.15415,     0.15516,     0.15616,     0.15716,     0.15816,     0.15916,     0.16016,     0.16116,     0.16216,     0.16316,     0.16416,     0.16517,     0.16617,     0.16717,
           0.16817,     0.16917,     0.17017,     0.17117,     0.17217,     0.17317,     0.17417,     0.17518,     0.17618,     0.17718,     0.17818,     0.17918,     0.18018,     0.18118,     0.18218,     0.18318,     0.18418,     0.18519,     0.18619,     0.18719,     0.18819,     0.18919,     0.19019,     0.19119,
           0.19219,     0.19319,     0.19419,      0.1952,      0.1962,      0.1972,      0.1982,      0.1992,      0.2002,      0.2012,      0.2022,      0.2032,      0.2042,     0.20521,     0.20621,     0.20721,     0.20821,     0.20921,     0.21021,     0.21121,     0.21221,     0.21321,     0.21421,     0.21522,
           0.21622,     0.21722,     0.21822,     0.21922,     0.22022,     0.22122,     0.22222,     0.22322,     0.22422,     0.22523,     0.22623,     0.22723,     0.22823,     0.22923,     0.23023,     0.23123,     0.23223,     0.23323,     0.23423,     0.23524,     0.23624,     0.23724,     0.23824,     0.23924,
           0.24024,     0.24124,     0.24224,     0.24324,     0.24424,     0.24525,     0.24625,     0.24725,     0.24825,     0.24925,     0.25025,     0.25125,     0.25225,     0.25325,     0.25425,     0.25526,     0.25626,     0.25726,     0.25826,     0.25926,     0.26026,     0.26126,     0.26226,     0.26326,
           0.26426,     0.26527,     0.26627,     0.26727,     0.26827,     0.26927,     0.27027,     0.27127,     0.27227,     0.27327,     0.27427,     0.27528,     0.27628,     0.27728,     0.27828,     0.27928,     0.28028,     0.28128,     0.28228,     0.28328,     0.28428,     0.28529,     0.28629,     0.28729,
           0.28829,     0.28929,     0.29029,     0.29129,     0.29229,     0.29329,     0.29429,      0.2953,      0.2963,      0.2973,      0.2983,      0.2993,      0.3003,      0.3013,      0.3023,      0.3033,      0.3043,     0.30531,     0.30631,     0.30731,     0.30831,     0.30931,     0.31031,     0.31131,
           0.31231,     0.31331,     0.31431,     0.31532,     0.31632,     0.31732,     0.31832,     0.31932,     0.32032,     0.32132,     0.32232,     0.32332,     0.32432,     0.32533,     0.32633,     0.32733,     0.32833,     0.32933,     0.33033,     0.33133,     0.33233,     0.33333,     0.33433,     0.33534,
           0.33634,     0.33734,     0.33834,     0.33934,     0.34034,     0.34134,     0.34234,     0.34334,     0.34434,     0.34535,     0.34635,     0.34735,     0.34835,     0.34935,     0.35035,     0.35135,     0.35235,     0.35335,     0.35435,     0.35536,     0.35636,     0.35736,     0.35836,     0.35936,
           0.36036,     0.36136,     0.36236,     0.36336,     0.36436,     0.36537,     0.36637,     0.36737,     0.36837,     0.36937,     0.37037,     0.37137,     0.37237,     0.37337,     0.37437,     0.37538,     0.37638,     0.37738,     0.37838,     0.37938,     0.38038,     0.38138,     0.38238,     0.38338,
           0.38438,     0.38539,     0.38639,     0.38739,     0.38839,     0.38939,     0.39039,     0.39139,     0.39239,     0.39339,     0.39439,      0.3954,      0.3964,      0.3974,      0.3984,      0.3994,      0.4004,      0.4014,      0.4024,      0.4034,      0.4044,     0.40541,     0.40641,     0.40741,
           0.40841,     0.40941,     0.41041,     0.41141,     0.41241,     0.41341,     0.41441,     0.41542,     0.41642,     0.41742,     0.41842,     0.41942,     0.42042,     0.42142,     0.42242,     0.42342,     0.42442,     0.42543,     0.42643,     0.42743,     0.42843,     0.42943,     0.43043,     0.43143,
           0.43243,     0.43343,     0.43443,     0.43544,     0.43644,     0.43744,     0.43844,     0.43944,     0.44044,     0.44144,     0.44244,     0.44344,     0.44444,     0.44545,     0.44645,     0.44745,     0.44845,     0.44945,     0.45045,     0.45145,     0.45245,     0.45345,     0.45445,     0.45546,
           0.45646,     0.45746,     0.45846,     0.45946,     0.46046,     0.46146,     0.46246,     0.46346,     0.46446,     0.46547,     0.46647,     0.46747,     0.46847,     0.46947,     0.47047,     0.47147,     0.47247,     0.47347,     0.47447,     0.47548,     0.47648,     0.47748,     0.47848,     0.47948,
           0.48048,     0.48148,     0.48248,     0.48348,     0.48448,     0.48549,     0.48649,     0.48749,     0.48849,     0.48949,     0.49049,     0.49149,     0.49249,     0.49349,     0.49449,      0.4955,      0.4965,      0.4975,      0.4985,      0.4995,      0.5005,      0.5015,      0.5025,      0.5035,
            0.5045,     0.50551,     0.50651,     0.50751,     0.50851,     0.50951,     0.51051,     0.51151,     0.51251,     0.51351,     0.51451,     0.51552,     0.51652,     0.51752,     0.51852,     0.51952,     0.52052,     0.52152,     0.52252,     0.52352,     0.52452,     0.52553,     0.52653,     0.52753,
           0.52853,     0.52953,     0.53053,     0.53153,     0.53253,     0.53353,     0.53453,     0.53554,     0.53654,     0.53754,     0.53854,     0.53954,     0.54054,     0.54154,     0.54254,     0.54354,     0.54454,     0.54555,     0.54655,     0.54755,     0.54855,     0.54955,     0.55055,     0.55155,
           0.55255,     0.55355,     0.55455,     0.55556,     0.55656,     0.55756,     0.55856,     0.55956,     0.56056,     0.56156,     0.56256,     0.56356,     0.56456,     0.56557,     0.56657,     0.56757,     0.56857,     0.56957,     0.57057,     0.57157,     0.57257,     0.57357,     0.57457,     0.57558,
           0.57658,     0.57758,     0.57858,     0.57958,     0.58058,     0.58158,     0.58258,     0.58358,     0.58458,     0.58559,     0.58659,     0.58759,     0.58859,     0.58959,     0.59059,     0.59159,     0.59259,     0.59359,     0.59459,      0.5956,      0.5966,      0.5976,      0.5986,      0.5996,
            0.6006,      0.6016,      0.6026,      0.6036,      0.6046,     0.60561,     0.60661,     0.60761,     0.60861,     0.60961,     0.61061,     0.61161,     0.61261,     0.61361,     0.61461,     0.61562,     0.61662,     0.61762,     0.61862,     0.61962,     0.62062,     0.62162,     0.62262,     0.62362,
           0.62462,     0.62563,     0.62663,     0.62763,     0.62863,     0.62963,     0.63063,     0.63163,     0.63263,     0.63363,     0.63463,     0.63564,     0.63664,     0.63764,     0.63864,     0.63964,     0.64064,     0.64164,     0.64264,     0.64364,     0.64464,     0.64565,     0.64665,     0.64765,
           0.64865,     0.64965,     0.65065,     0.65165,     0.65265,     0.65365,     0.65465,     0.65566,     0.65666,     0.65766,     0.65866,     0.65966,     0.66066,     0.66166,     0.66266,     0.66366,     0.66466,     0.66567,     0.66667,     0.66767,     0.66867,     0.66967,     0.67067,     0.67167,
           0.67267,     0.67367,     0.67467,     0.67568,     0.67668,     0.67768,     0.67868,     0.67968,     0.68068,     0.68168,     0.68268,     0.68368,     0.68468,     0.68569,     0.68669,     0.68769,     0.68869,     0.68969,     0.69069,     0.69169,     0.69269,     0.69369,     0.69469,      0.6957,
            0.6967,      0.6977,      0.6987,      0.6997,      0.7007,      0.7017,      0.7027,      0.7037,      0.7047,     0.70571,     0.70671,     0.70771,     0.70871,     0.70971,     0.71071,     0.71171,     0.71271,     0.71371,     0.71471,     0.71572,     0.71672,     0.71772,     0.71872,     0.71972,
           0.72072,     0.72172,     0.72272,     0.72372,     0.72472,     0.72573,     0.72673,     0.72773,     0.72873,     0.72973,     0.73073,     0.73173,     0.73273,     0.73373,     0.73473,     0.73574,     0.73674,     0.73774,     0.73874,     0.73974,     0.74074,     0.74174,     0.74274,     0.74374,
           0.74474,     0.74575,     0.74675,     0.74775,     0.74875,     0.74975,     0.75075,     0.75175,     0.75275,     0.75375,     0.75475,     0.75576,     0.75676,     0.75776,     0.75876,     0.75976,     0.76076,     0.76176,     0.76276,     0.76376,     0.76476,     0.76577,     0.76677,     0.76777,
           0.76877,     0.76977,     0.77077,     0.77177,     0.77277,     0.77377,     0.77477,     0.77578,     0.77678,     0.77778,     0.77878,     0.77978,     0.78078,     0.78178,     0.78278,     0.78378,     0.78478,     0.78579,     0.78679,     0.78779,     0.78879,     0.78979,     0.79079,     0.79179,
           0.79279,     0.79379,     0.79479,      0.7958,      0.7968,      0.7978,      0.7988,      0.7998,      0.8008,      0.8018,      0.8028,      0.8038,      0.8048,     0.80581,     0.80681,     0.80781,     0.80881,     0.80981,     0.81081,     0.81181,     0.81281,     0.81381,     0.81481,     0.81582,
           0.81682,     0.81782,     0.81882,     0.81982,     0.82082,     0.82182,     0.82282,     0.82382,     0.82482,     0.82583,     0.82683,     0.82783,     0.82883,     0.82983,     0.83083,     0.83183,     0.83283,     0.83383,     0.83483,     0.83584,     0.83684,     0.83784,     0.83884,     0.83984,
           0.84084,     0.84184,     0.84284,     0.84384,     0.84484,     0.84585,     0.84685,     0.84785,     0.84885,     0.84985,     0.85085,     0.85185,     0.85285,     0.85385,     0.85485,     0.85586,     0.85686,     0.85786,     0.85886,     0.85986,     0.86086,     0.86186,     0.86286,     0.86386,
           0.86486,     0.86587,     0.86687,     0.86787,     0.86887,     0.86987,     0.87087,     0.87187,     0.87287,     0.87387,     0.87487,     0.87588,     0.87688,     0.87788,     0.87888,     0.87988,     0.88088,     0.88188,     0.88288,     0.88388,     0.88488,     0.88589,     0.88689,     0.88789,
           0.88889,     0.88989,     0.89089,     0.89189,     0.89289,     0.89389,     0.89489,      0.8959,      0.8969,      0.8979,      0.8989,      0.8999,      0.9009,      0.9019,      0.9029,      0.9039,      0.9049,     0.90591,     0.90691,     0.90791,     0.90891,     0.90991,     0.91091,     0.91191,
           0.91291,     0.91391,     0.91491,     0.91592,     0.91692,     0.91792,     0.91892,     0.91992,     0.92092,     0.92192,     0.92292,     0.92392,     0.92492,     0.92593,     0.92693,     0.92793,     0.92893,     0.92993,     0.93093,     0.93193,     0.93293,     0.93393,     0.93493,     0.93594,
           0.93694,     0.93794,     0.93894,     0.93994,     0.94094,     0.94194,     0.94294,     0.94394,     0.94494,     0.94595,     0.94695,     0.94795,     0.94895,     0.94995,     0.95095,     0.95195,     0.95295,     0.95395,     0.95495,     0.95596,     0.95696,     0.95796,     0.95896,     0.95996,
           0.96096,     0.96196,     0.96296,     0.96396,     0.96496,     0.96597,     0.96697,     0.96797,     0.96897,     0.96997,     0.97097,     0.97197,     0.97297,     0.97397,     0.97497,     0.97598,     0.97698,     0.97798,     0.97898,     0.97998,     0.98098,     0.98198,     0.98298,     0.98398,
           0.98498,     0.98599,     0.98699,     0.98799,     0.98899,     0.98999,     0.99099,     0.99199,     0.99299,     0.99399,     0.99499,       0.996,       0.997,       0.998,       0.999,           1]), array([[    0.12895,     0.12905,      0.1958,     0.24292,     0.28407,     0.31686,     0.34313,     0.36673,     0.38626,     0.40475,     0.42348,     0.43891,     0.45078,     0.46311,     0.47432,     0.48634,     0.49678,     0.50401,     0.51232,     0.52104,     0.52834,     0.53655,     0.54469,
            0.55039,     0.55668,     0.56354,     0.56885,     0.57374,     0.57716,     0.58229,     0.58799,     0.59413,     0.59892,      0.6038,     0.60902,     0.61284,     0.61743,     0.62162,     0.62469,     0.62974,     0.63412,     0.63773,     0.64047,     0.64226,     0.64575,     0.64818,
            0.65113,     0.65473,     0.65838,     0.66028,     0.66393,     0.66614,     0.66954,     0.67027,     0.67158,     0.67244,     0.67408,     0.67568,     0.67809,     0.68002,     0.68263,     0.68398,     0.68644,     0.68875,     0.69079,     0.69206,     0.69423,      0.6968,     0.69918,
            0.70032,     0.70179,     0.70381,     0.70499,     0.70643,      0.7068,     0.70854,     0.71053,     0.71124,     0.71251,     0.71379,       0.716,     0.71862,     0.71973,     0.72154,     0.72238,     0.72388,      0.7237,     0.72505,     0.72612,     0.72815,     0.72886,     0.73108,
            0.73207,     0.73301,     0.73368,     0.73466,     0.73546,     0.73604,     0.73793,     0.73928,     0.74084,     0.74129,     0.74222,     0.74342,     0.74471,     0.74579,     0.74756,     0.74931,     0.75125,     0.75201,     0.75324,     0.75409,     0.75467,     0.75535,     0.75604,
            0.75693,      0.7576,     0.75757,     0.75779,     0.75787,     0.75834,     0.75919,      0.7593,     0.76031,      0.7614,     0.76326,     0.76337,     0.76423,     0.76444,     0.76453,     0.76506,     0.76592,     0.76701,     0.76816,       0.769,     0.76911,     0.76945,     0.76989,
            0.77094,     0.77205,     0.77215,      0.7728,     0.77398,     0.77574,     0.77713,     0.77812,     0.77966,     0.78012,     0.78121,     0.78216,      0.7837,     0.78386,     0.78521,     0.78582,      0.7864,     0.78695,     0.78789,     0.78862,      0.7893,      0.7899,     0.79035,
            0.79054,     0.79079,     0.79119,     0.79201,     0.79262,     0.79322,     0.79313,     0.79351,     0.79388,     0.79481,     0.79608,     0.79622,     0.79636,     0.79663,     0.79699,     0.79743,     0.79755,     0.79943,     0.80084,     0.80104,     0.80144,     0.80226,     0.80309,
              0.804,     0.80421,     0.80448,     0.80548,     0.80664,     0.80824,     0.80831,     0.80825,     0.80891,     0.80972,     0.81099,     0.81058,     0.81131,     0.81139,     0.81211,     0.81264,      0.8125,     0.81374,     0.81448,     0.81437,     0.81429,     0.81428,     0.81552,
            0.81615,     0.81623,       0.817,     0.81822,     0.81833,     0.81826,     0.81856,     0.81851,     0.81967,     0.82035,     0.82179,     0.82265,     0.82319,     0.82313,     0.82348,     0.82413,      0.8246,     0.82482,     0.82521,     0.82504,     0.82527,      0.8261,     0.82617,
            0.82596,     0.82709,     0.82735,     0.82853,     0.82984,     0.83165,     0.83177,     0.83172,     0.83204,     0.83341,     0.83453,     0.83494,      0.8353,     0.83727,     0.83754,     0.83842,     0.83866,      0.8391,     0.83946,     0.83981,     0.84018,     0.84104,     0.84132,
            0.84199,     0.84385,     0.84378,      0.8439,      0.8443,     0.84491,      0.8455,     0.84527,     0.84531,     0.84591,     0.84684,     0.84757,     0.84844,     0.84838,     0.84891,     0.84905,     0.85033,     0.85107,      0.8513,     0.85227,      0.8528,     0.85294,     0.85289,
            0.85282,     0.85291,     0.85309,     0.85304,     0.85331,     0.85345,     0.85329,     0.85433,     0.85455,     0.85518,     0.85577,     0.85659,     0.85637,     0.85665,     0.85733,     0.85758,     0.85752,      0.8583,     0.85821,     0.85836,     0.85864,     0.85885,     0.85915,
            0.85979,     0.86023,     0.86018,      0.8601,     0.86037,      0.8607,     0.86048,     0.86024,     0.85992,     0.86016,     0.86159,     0.86191,     0.86177,     0.86305,     0.86284,      0.8627,     0.86257,     0.86275,       0.863,     0.86294,     0.86315,      0.8637,     0.86444,
            0.86429,     0.86417,     0.86444,     0.86445,     0.86437,      0.8646,     0.86559,     0.86567,     0.86694,     0.86845,     0.86985,     0.87068,     0.87112,      0.8716,     0.87154,     0.87162,     0.87241,     0.87225,     0.87317,     0.87414,     0.87446,     0.87463,     0.87542,
            0.87623,     0.87613,     0.87607,      0.8764,     0.87695,     0.87761,      0.8785,     0.87845,     0.87893,     0.87945,     0.87973,     0.87967,     0.88062,     0.88052,     0.88086,     0.88086,     0.88079,     0.88075,     0.88062,     0.88041,     0.88139,     0.88192,     0.88186,
            0.88284,     0.88317,     0.88313,     0.88308,     0.88303,     0.88419,     0.88455,     0.88443,     0.88485,     0.88583,     0.88587,      0.8861,     0.88674,     0.88674,     0.88705,     0.88818,     0.88803,     0.88799,     0.88895,     0.89042,     0.89082,     0.89075,     0.89073,
            0.89071,     0.89122,     0.89094,     0.89089,     0.89132,     0.89176,     0.89163,     0.89155,     0.89141,     0.89136,     0.89158,     0.89176,     0.89172,     0.89156,     0.89203,     0.89247,     0.89279,     0.89324,     0.89316,     0.89304,     0.89293,     0.89277,     0.89298,
            0.89293,     0.89411,     0.89439,     0.89455,     0.89469,     0.89499,     0.89547,     0.89538,     0.89576,     0.89594,     0.89631,     0.89641,     0.89622,     0.89614,     0.89609,     0.89599,       0.897,     0.89719,     0.89754,     0.89817,       0.898,     0.89842,     0.89945,
             0.9003,     0.90116,     0.90115,     0.90098,     0.90154,       0.902,     0.90186,     0.90179,     0.90175,     0.90163,     0.90163,     0.90258,     0.90267,     0.90262,     0.90254,     0.90298,     0.90379,     0.90416,     0.90412,     0.90462,     0.90514,     0.90509,     0.90559,
            0.90616,     0.90663,      0.9066,     0.90649,     0.90699,     0.90751,     0.90747,      0.9073,      0.9072,     0.90957,     0.90947,     0.90935,     0.90967,     0.91019,     0.91082,     0.91104,     0.91161,     0.91155,     0.91147,     0.91143,      0.9113,      0.9114,     0.91237,
            0.91279,     0.91275,     0.91373,     0.91401,     0.91396,     0.91392,     0.91383,     0.91374,     0.91424,     0.91408,     0.91449,     0.91507,     0.91499,     0.91559,      0.9155,     0.91548,     0.91545,     0.91593,     0.91655,     0.91715,     0.91696,     0.91677,      0.9167,
            0.91634,     0.91618,     0.91614,     0.91659,     0.91666,     0.91779,     0.91818,     0.91843,     0.91876,     0.91893,     0.91887,     0.91942,     0.91923,     0.91914,     0.92064,     0.92113,     0.92093,     0.92076,     0.92071,     0.92056,     0.92042,     0.92014,     0.92082,
            0.92075,     0.92136,     0.92124,     0.92104,     0.92094,     0.92066,     0.92117,     0.92124,     0.92117,      0.9216,      0.9221,     0.92267,      0.9226,     0.92311,     0.92306,     0.92303,     0.92271,     0.92325,      0.9232,     0.92391,     0.92369,     0.92377,     0.92426,
            0.92472,     0.92454,     0.92438,     0.92432,     0.92419,     0.92412,     0.92402,     0.92387,     0.92384,     0.92375,     0.92359,     0.92413,     0.92405,      0.9246,     0.92446,     0.92424,     0.92491,     0.92482,      0.9247,     0.92447,     0.92433,     0.92489,      0.9257,
            0.92758,      0.9274,      0.9272,     0.92701,     0.92771,     0.92766,     0.92755,     0.92744,      0.9273,     0.92764,     0.92782,     0.92821,     0.92888,     0.92879,     0.92864,     0.92853,     0.92834,     0.92808,     0.92795,     0.92763,     0.92744,     0.92782,     0.92863,
            0.92841,     0.92914,     0.92907,     0.92964,     0.93023,     0.92994,      0.9298,     0.92956,     0.92941,     0.92918,     0.92883,     0.92857,     0.92833,     0.92913,     0.93072,     0.93062,     0.93123,     0.93179,     0.93157,     0.93118,     0.93187,     0.93161,     0.93138,
            0.93094,     0.93162,     0.93232,     0.93204,     0.93281,     0.93326,       0.933,     0.93244,     0.93213,     0.93158,     0.93226,     0.93269,     0.93242,     0.93231,     0.93306,     0.93297,     0.93454,     0.93559,     0.93529,     0.93523,     0.93497,     0.93576,     0.93741,
            0.93695,     0.93669,      0.9364,     0.93729,       0.937,     0.93835,     0.93845,     0.93787,     0.93735,     0.93713,     0.93675,     0.93651,     0.93845,     0.93847,     0.93892,     0.93957,      0.9405,     0.94039,     0.94035,     0.94093,     0.94119,     0.94084,     0.94064,
             0.9404,     0.94124,     0.94097,     0.94208,     0.94168,     0.94118,     0.94218,     0.94163,     0.94116,     0.94102,     0.94063,     0.94032,     0.93988,     0.93995,      0.9398,     0.94076,     0.94013,     0.93987,     0.94059,     0.94016,     0.93948,     0.94041,     0.94005,
            0.93929,     0.93875,     0.93762,      0.9373,      0.9385,     0.93801,     0.93724,     0.93798,     0.93756,     0.93703,     0.93804,     0.93768,     0.93711,     0.93991,     0.93985,     0.93977,     0.94083,     0.94021,      0.9397,     0.94105,     0.94025,     0.94178,     0.94152,
            0.94131,     0.94077,     0.94037,     0.94178,     0.94318,     0.94264,     0.94347,     0.94278,     0.94233,      0.9415,     0.94119,     0.94052,     0.93974,     0.93958,     0.93912,     0.94243,     0.94111,     0.94075,     0.93994,     0.94131,      0.9404,     0.93938,     0.94085,
            0.94066,     0.94176,     0.94036,     0.94158,     0.94029,     0.93982,     0.93902,     0.94054,     0.93989,     0.93909,     0.93803,     0.93741,     0.93636,     0.93468,     0.93321,       0.932,     0.93056,     0.93419,     0.93421,     0.93323,     0.93164,     0.93246,     0.93408,
            0.93316,     0.93475,     0.93246,     0.93134,     0.92943,     0.93155,     0.92956,     0.92762,     0.93076,     0.93243,     0.93521,     0.93215,     0.93497,     0.93307,      0.9308,     0.92744,     0.92399,     0.92169,     0.91912,     0.92847,     0.92627,     0.93158,     0.93008,
            0.93872,     0.93418,     0.93264,     0.93036,     0.92743,     0.92582,     0.92461,     0.92968,     0.92812,     0.92343,     0.92985,     0.92788,     0.93641,     0.93436,     0.94317,     0.93785,     0.94102,     0.94802,     0.94598,     0.94382,      0.9408,     0.93833,     0.93448,
            0.93161,     0.92636,     0.94695,     0.94551,     0.94333,     0.93897,     0.93605,     0.92721,     0.92482,     0.92319,     0.91574,     0.91179,     0.90921,     0.89644,     0.88897,      0.8849,     0.93289,     0.92904,     0.92273,     0.91738,     0.91096,     0.90551,     0.90051,
            0.87847,     0.86555,     0.83206,     0.82009,     0.80813,     0.79335,      0.7726,     0.75184,      0.8113,     0.87855,      0.9458,           1,           1,           1,           1,           1,           1,           1,           1,           1,           1,           1,           1,
                  1,           1,           1,           1,           1,           1,           1,           1,           1,           1,           1,           1,           1,           1,           1,           1,           1,           1,           1,           1,           1,           1,           1,
                  1,           1,           1,           1,           1,           1,           1,           1,           1,           1,           1,           1,           1,           1,           1,           1,           1,           1,           1,           1,           1,           1,           1,
                  1,           1,           1,           1,           1,           1,           1,           1,           1,           1,           1,           1,           1,           1,           1,           1,           1,           1,           1,           1,           1,           1,           1,
                  1,           1,           1,           1,           1,           1,           1,           1,           1,           1,           1,           1,           1,           1,           1,           1,           1,           1,           1,           1,           1,           1,           1,
                  1,           1,           1,           1,           1,           1,           1,           1,           1,           1,           1,           1,           1,           1,           1,           1,           1,           1,           1,           1,           1,           1,           1,
                  1,           1,           1,           1,           1,           1,           1,           1,           1,           1,           1,           1,           1,           1,           1,           1,           1,           1,           1,           1,           1,           1,           1,
                  1,           1,           1,           1,           1,           1,           1,           1,           1,           1,           1]]), 'Confidence', 'Precision'], [array([          0,    0.001001,    0.002002,    0.003003,    0.004004,    0.005005,    0.006006,    0.007007,    0.008008,    0.009009,     0.01001,    0.011011,    0.012012,    0.013013,    0.014014,    0.015015,    0.016016,    0.017017,    0.018018,    0.019019,     0.02002,    0.021021,    0.022022,    0.023023,
          0.024024,    0.025025,    0.026026,    0.027027,    0.028028,    0.029029,     0.03003,    0.031031,    0.032032,    0.033033,    0.034034,    0.035035,    0.036036,    0.037037,    0.038038,    0.039039,     0.04004,    0.041041,    0.042042,    0.043043,    0.044044,    0.045045,    0.046046,    0.047047,
          0.048048,    0.049049,     0.05005,    0.051051,    0.052052,    0.053053,    0.054054,    0.055055,    0.056056,    0.057057,    0.058058,    0.059059,     0.06006,    0.061061,    0.062062,    0.063063,    0.064064,    0.065065,    0.066066,    0.067067,    0.068068,    0.069069,     0.07007,    0.071071,
          0.072072,    0.073073,    0.074074,    0.075075,    0.076076,    0.077077,    0.078078,    0.079079,     0.08008,    0.081081,    0.082082,    0.083083,    0.084084,    0.085085,    0.086086,    0.087087,    0.088088,    0.089089,     0.09009,    0.091091,    0.092092,    0.093093,    0.094094,    0.095095,
          0.096096,    0.097097,    0.098098,    0.099099,      0.1001,      0.1011,      0.1021,      0.1031,      0.1041,     0.10511,     0.10611,     0.10711,     0.10811,     0.10911,     0.11011,     0.11111,     0.11211,     0.11311,     0.11411,     0.11512,     0.11612,     0.11712,     0.11812,     0.11912,
           0.12012,     0.12112,     0.12212,     0.12312,     0.12412,     0.12513,     0.12613,     0.12713,     0.12813,     0.12913,     0.13013,     0.13113,     0.13213,     0.13313,     0.13413,     0.13514,     0.13614,     0.13714,     0.13814,     0.13914,     0.14014,     0.14114,     0.14214,     0.14314,
           0.14414,     0.14515,     0.14615,     0.14715,     0.14815,     0.14915,     0.15015,     0.15115,     0.15215,     0.15315,     0.15415,     0.15516,     0.15616,     0.15716,     0.15816,     0.15916,     0.16016,     0.16116,     0.16216,     0.16316,     0.16416,     0.16517,     0.16617,     0.16717,
           0.16817,     0.16917,     0.17017,     0.17117,     0.17217,     0.17317,     0.17417,     0.17518,     0.17618,     0.17718,     0.17818,     0.17918,     0.18018,     0.18118,     0.18218,     0.18318,     0.18418,     0.18519,     0.18619,     0.18719,     0.18819,     0.18919,     0.19019,     0.19119,
           0.19219,     0.19319,     0.19419,      0.1952,      0.1962,      0.1972,      0.1982,      0.1992,      0.2002,      0.2012,      0.2022,      0.2032,      0.2042,     0.20521,     0.20621,     0.20721,     0.20821,     0.20921,     0.21021,     0.21121,     0.21221,     0.21321,     0.21421,     0.21522,
           0.21622,     0.21722,     0.21822,     0.21922,     0.22022,     0.22122,     0.22222,     0.22322,     0.22422,     0.22523,     0.22623,     0.22723,     0.22823,     0.22923,     0.23023,     0.23123,     0.23223,     0.23323,     0.23423,     0.23524,     0.23624,     0.23724,     0.23824,     0.23924,
           0.24024,     0.24124,     0.24224,     0.24324,     0.24424,     0.24525,     0.24625,     0.24725,     0.24825,     0.24925,     0.25025,     0.25125,     0.25225,     0.25325,     0.25425,     0.25526,     0.25626,     0.25726,     0.25826,     0.25926,     0.26026,     0.26126,     0.26226,     0.26326,
           0.26426,     0.26527,     0.26627,     0.26727,     0.26827,     0.26927,     0.27027,     0.27127,     0.27227,     0.27327,     0.27427,     0.27528,     0.27628,     0.27728,     0.27828,     0.27928,     0.28028,     0.28128,     0.28228,     0.28328,     0.28428,     0.28529,     0.28629,     0.28729,
           0.28829,     0.28929,     0.29029,     0.29129,     0.29229,     0.29329,     0.29429,      0.2953,      0.2963,      0.2973,      0.2983,      0.2993,      0.3003,      0.3013,      0.3023,      0.3033,      0.3043,     0.30531,     0.30631,     0.30731,     0.30831,     0.30931,     0.31031,     0.31131,
           0.31231,     0.31331,     0.31431,     0.31532,     0.31632,     0.31732,     0.31832,     0.31932,     0.32032,     0.32132,     0.32232,     0.32332,     0.32432,     0.32533,     0.32633,     0.32733,     0.32833,     0.32933,     0.33033,     0.33133,     0.33233,     0.33333,     0.33433,     0.33534,
           0.33634,     0.33734,     0.33834,     0.33934,     0.34034,     0.34134,     0.34234,     0.34334,     0.34434,     0.34535,     0.34635,     0.34735,     0.34835,     0.34935,     0.35035,     0.35135,     0.35235,     0.35335,     0.35435,     0.35536,     0.35636,     0.35736,     0.35836,     0.35936,
           0.36036,     0.36136,     0.36236,     0.36336,     0.36436,     0.36537,     0.36637,     0.36737,     0.36837,     0.36937,     0.37037,     0.37137,     0.37237,     0.37337,     0.37437,     0.37538,     0.37638,     0.37738,     0.37838,     0.37938,     0.38038,     0.38138,     0.38238,     0.38338,
           0.38438,     0.38539,     0.38639,     0.38739,     0.38839,     0.38939,     0.39039,     0.39139,     0.39239,     0.39339,     0.39439,      0.3954,      0.3964,      0.3974,      0.3984,      0.3994,      0.4004,      0.4014,      0.4024,      0.4034,      0.4044,     0.40541,     0.40641,     0.40741,
           0.40841,     0.40941,     0.41041,     0.41141,     0.41241,     0.41341,     0.41441,     0.41542,     0.41642,     0.41742,     0.41842,     0.41942,     0.42042,     0.42142,     0.42242,     0.42342,     0.42442,     0.42543,     0.42643,     0.42743,     0.42843,     0.42943,     0.43043,     0.43143,
           0.43243,     0.43343,     0.43443,     0.43544,     0.43644,     0.43744,     0.43844,     0.43944,     0.44044,     0.44144,     0.44244,     0.44344,     0.44444,     0.44545,     0.44645,     0.44745,     0.44845,     0.44945,     0.45045,     0.45145,     0.45245,     0.45345,     0.45445,     0.45546,
           0.45646,     0.45746,     0.45846,     0.45946,     0.46046,     0.46146,     0.46246,     0.46346,     0.46446,     0.46547,     0.46647,     0.46747,     0.46847,     0.46947,     0.47047,     0.47147,     0.47247,     0.47347,     0.47447,     0.47548,     0.47648,     0.47748,     0.47848,     0.47948,
           0.48048,     0.48148,     0.48248,     0.48348,     0.48448,     0.48549,     0.48649,     0.48749,     0.48849,     0.48949,     0.49049,     0.49149,     0.49249,     0.49349,     0.49449,      0.4955,      0.4965,      0.4975,      0.4985,      0.4995,      0.5005,      0.5015,      0.5025,      0.5035,
            0.5045,     0.50551,     0.50651,     0.50751,     0.50851,     0.50951,     0.51051,     0.51151,     0.51251,     0.51351,     0.51451,     0.51552,     0.51652,     0.51752,     0.51852,     0.51952,     0.52052,     0.52152,     0.52252,     0.52352,     0.52452,     0.52553,     0.52653,     0.52753,
           0.52853,     0.52953,     0.53053,     0.53153,     0.53253,     0.53353,     0.53453,     0.53554,     0.53654,     0.53754,     0.53854,     0.53954,     0.54054,     0.54154,     0.54254,     0.54354,     0.54454,     0.54555,     0.54655,     0.54755,     0.54855,     0.54955,     0.55055,     0.55155,
           0.55255,     0.55355,     0.55455,     0.55556,     0.55656,     0.55756,     0.55856,     0.55956,     0.56056,     0.56156,     0.56256,     0.56356,     0.56456,     0.56557,     0.56657,     0.56757,     0.56857,     0.56957,     0.57057,     0.57157,     0.57257,     0.57357,     0.57457,     0.57558,
           0.57658,     0.57758,     0.57858,     0.57958,     0.58058,     0.58158,     0.58258,     0.58358,     0.58458,     0.58559,     0.58659,     0.58759,     0.58859,     0.58959,     0.59059,     0.59159,     0.59259,     0.59359,     0.59459,      0.5956,      0.5966,      0.5976,      0.5986,      0.5996,
            0.6006,      0.6016,      0.6026,      0.6036,      0.6046,     0.60561,     0.60661,     0.60761,     0.60861,     0.60961,     0.61061,     0.61161,     0.61261,     0.61361,     0.61461,     0.61562,     0.61662,     0.61762,     0.61862,     0.61962,     0.62062,     0.62162,     0.62262,     0.62362,
           0.62462,     0.62563,     0.62663,     0.62763,     0.62863,     0.62963,     0.63063,     0.63163,     0.63263,     0.63363,     0.63463,     0.63564,     0.63664,     0.63764,     0.63864,     0.63964,     0.64064,     0.64164,     0.64264,     0.64364,     0.64464,     0.64565,     0.64665,     0.64765,
           0.64865,     0.64965,     0.65065,     0.65165,     0.65265,     0.65365,     0.65465,     0.65566,     0.65666,     0.65766,     0.65866,     0.65966,     0.66066,     0.66166,     0.66266,     0.66366,     0.66466,     0.66567,     0.66667,     0.66767,     0.66867,     0.66967,     0.67067,     0.67167,
           0.67267,     0.67367,     0.67467,     0.67568,     0.67668,     0.67768,     0.67868,     0.67968,     0.68068,     0.68168,     0.68268,     0.68368,     0.68468,     0.68569,     0.68669,     0.68769,     0.68869,     0.68969,     0.69069,     0.69169,     0.69269,     0.69369,     0.69469,      0.6957,
            0.6967,      0.6977,      0.6987,      0.6997,      0.7007,      0.7017,      0.7027,      0.7037,      0.7047,     0.70571,     0.70671,     0.70771,     0.70871,     0.70971,     0.71071,     0.71171,     0.71271,     0.71371,     0.71471,     0.71572,     0.71672,     0.71772,     0.71872,     0.71972,
           0.72072,     0.72172,     0.72272,     0.72372,     0.72472,     0.72573,     0.72673,     0.72773,     0.72873,     0.72973,     0.73073,     0.73173,     0.73273,     0.73373,     0.73473,     0.73574,     0.73674,     0.73774,     0.73874,     0.73974,     0.74074,     0.74174,     0.74274,     0.74374,
           0.74474,     0.74575,     0.74675,     0.74775,     0.74875,     0.74975,     0.75075,     0.75175,     0.75275,     0.75375,     0.75475,     0.75576,     0.75676,     0.75776,     0.75876,     0.75976,     0.76076,     0.76176,     0.76276,     0.76376,     0.76476,     0.76577,     0.76677,     0.76777,
           0.76877,     0.76977,     0.77077,     0.77177,     0.77277,     0.77377,     0.77477,     0.77578,     0.77678,     0.77778,     0.77878,     0.77978,     0.78078,     0.78178,     0.78278,     0.78378,     0.78478,     0.78579,     0.78679,     0.78779,     0.78879,     0.78979,     0.79079,     0.79179,
           0.79279,     0.79379,     0.79479,      0.7958,      0.7968,      0.7978,      0.7988,      0.7998,      0.8008,      0.8018,      0.8028,      0.8038,      0.8048,     0.80581,     0.80681,     0.80781,     0.80881,     0.80981,     0.81081,     0.81181,     0.81281,     0.81381,     0.81481,     0.81582,
           0.81682,     0.81782,     0.81882,     0.81982,     0.82082,     0.82182,     0.82282,     0.82382,     0.82482,     0.82583,     0.82683,     0.82783,     0.82883,     0.82983,     0.83083,     0.83183,     0.83283,     0.83383,     0.83483,     0.83584,     0.83684,     0.83784,     0.83884,     0.83984,
           0.84084,     0.84184,     0.84284,     0.84384,     0.84484,     0.84585,     0.84685,     0.84785,     0.84885,     0.84985,     0.85085,     0.85185,     0.85285,     0.85385,     0.85485,     0.85586,     0.85686,     0.85786,     0.85886,     0.85986,     0.86086,     0.86186,     0.86286,     0.86386,
           0.86486,     0.86587,     0.86687,     0.86787,     0.86887,     0.86987,     0.87087,     0.87187,     0.87287,     0.87387,     0.87487,     0.87588,     0.87688,     0.87788,     0.87888,     0.87988,     0.88088,     0.88188,     0.88288,     0.88388,     0.88488,     0.88589,     0.88689,     0.88789,
           0.88889,     0.88989,     0.89089,     0.89189,     0.89289,     0.89389,     0.89489,      0.8959,      0.8969,      0.8979,      0.8989,      0.8999,      0.9009,      0.9019,      0.9029,      0.9039,      0.9049,     0.90591,     0.90691,     0.90791,     0.90891,     0.90991,     0.91091,     0.91191,
           0.91291,     0.91391,     0.91491,     0.91592,     0.91692,     0.91792,     0.91892,     0.91992,     0.92092,     0.92192,     0.92292,     0.92392,     0.92492,     0.92593,     0.92693,     0.92793,     0.92893,     0.92993,     0.93093,     0.93193,     0.93293,     0.93393,     0.93493,     0.93594,
           0.93694,     0.93794,     0.93894,     0.93994,     0.94094,     0.94194,     0.94294,     0.94394,     0.94494,     0.94595,     0.94695,     0.94795,     0.94895,     0.94995,     0.95095,     0.95195,     0.95295,     0.95395,     0.95495,     0.95596,     0.95696,     0.95796,     0.95896,     0.95996,
           0.96096,     0.96196,     0.96296,     0.96396,     0.96496,     0.96597,     0.96697,     0.96797,     0.96897,     0.96997,     0.97097,     0.97197,     0.97297,     0.97397,     0.97497,     0.97598,     0.97698,     0.97798,     0.97898,     0.97998,     0.98098,     0.98198,     0.98298,     0.98398,
           0.98498,     0.98599,     0.98699,     0.98799,     0.98899,     0.98999,     0.99099,     0.99199,     0.99299,     0.99399,     0.99499,       0.996,       0.997,       0.998,       0.999,           1]), array([[    0.90253,     0.90253,      0.8776,     0.86384,     0.85379,     0.84598,      0.8378,     0.83036,     0.82143,     0.81696,     0.81213,     0.80841,     0.80469,     0.80171,     0.79836,     0.79464,     0.79181,     0.78832,      0.7846,     0.78274,     0.77939,      0.7779,      0.7753,
            0.77083,     0.76897,     0.76674,     0.76265,      0.7593,      0.7567,     0.75457,     0.75186,     0.74963,     0.74702,     0.74554,     0.74465,     0.74405,     0.74293,     0.74195,      0.7407,     0.73847,      0.7381,     0.73624,     0.73496,     0.73363,     0.73251,      0.7314,
            0.73103,     0.73103,     0.73103,     0.72991,     0.72907,     0.72731,     0.72693,     0.72619,     0.72545,       0.724,     0.72284,     0.72173,     0.72098,     0.71987,     0.71936,     0.71875,     0.71801,     0.71705,     0.71558,     0.71503,     0.71391,     0.71304,     0.71205,
            0.71168,     0.71057,     0.70986,     0.70796,     0.70685,      0.7061,     0.70499,     0.70495,     0.70387,     0.70259,     0.70126,     0.70089,     0.70089,     0.69978,     0.69866,     0.69829,     0.69735,     0.69574,     0.69382,     0.69271,     0.69159,     0.69048,     0.68973,
            0.68936,      0.6884,     0.68787,      0.6875,     0.68713,     0.68638,     0.68564,     0.68415,     0.68415,     0.68415,     0.68341,     0.68232,     0.68192,     0.68103,     0.68043,     0.67942,     0.67894,      0.6782,     0.67794,     0.67671,     0.67521,     0.67423,     0.67336,
            0.67299,     0.67207,      0.6708,     0.67001,     0.66927,     0.66853,     0.66737,     0.66629,     0.66592,     0.66483,     0.66449,     0.66332,     0.66325,     0.66257,     0.66193,     0.66147,     0.66034,     0.65889,     0.65811,     0.65761,     0.65679,     0.65556,     0.65476,
            0.65362,     0.65327,     0.65179,     0.65141,     0.65141,     0.65141,     0.65141,     0.65102,     0.65028,     0.64993,     0.64993,     0.64955,     0.64955,     0.64898,     0.64872,     0.64844,      0.6465,     0.64621,     0.64621,     0.64621,     0.64546,      0.6448,     0.64472,
            0.64446,     0.64403,      0.6436,     0.64315,     0.64268,     0.64249,     0.64186,     0.64137,     0.64062,     0.64025,     0.63903,     0.63812,     0.63723,     0.63685,     0.63616,      0.6356,     0.63504,     0.63393,     0.63393,     0.63393,     0.63393,     0.63356,     0.63356,
            0.63333,     0.63263,     0.63244,     0.63207,     0.63207,      0.6319,     0.63063,     0.62984,     0.62984,     0.62946,     0.62909,     0.62724,     0.62723,     0.62575,       0.625,     0.62445,     0.62389,     0.62277,     0.62228,     0.62181,     0.62091,     0.61979,     0.61979,
            0.61979,       0.618,     0.61719,     0.61719,     0.61669,     0.61638,     0.61595,     0.61574,     0.61533,     0.61496,     0.61496,     0.61433,     0.61384,      0.6129,     0.61263,     0.61235,     0.61235,     0.61198,     0.61161,     0.61051,     0.61012,       0.609,     0.60825,
            0.60735,      0.6064,     0.60613,     0.60578,     0.60528,     0.60465,     0.60331,     0.60268,     0.60268,     0.60231,     0.60227,     0.60193,     0.60193,     0.60193,     0.60119,     0.60035,      0.5997,     0.59933,     0.59917,     0.59859,     0.59859,     0.59859,     0.59767,
             0.5971,      0.5971,     0.59673,     0.59533,     0.59487,     0.59487,      0.5945,     0.59343,     0.59263,     0.59227,     0.59189,     0.59152,     0.59145,     0.59117,      0.5904,      0.5901,     0.58972,     0.58966,     0.58891,     0.58891,      0.5884,      0.5878,     0.58666,
            0.58634,     0.58557,     0.58545,      0.5852,     0.58519,     0.58498,     0.58408,     0.58408,     0.58358,     0.58333,     0.58333,     0.58219,     0.58113,     0.58073,     0.58073,     0.58073,     0.57991,     0.57913,     0.57871,      0.5785,      0.5785,     0.57701,     0.57639,
            0.57478,     0.57468,     0.57446,     0.57408,     0.57292,     0.57236,      0.5713,     0.57017,     0.56866,     0.56808,     0.56771,      0.5666,     0.56593,     0.56502,     0.56404,     0.56333,     0.56275,      0.5625,     0.56245,     0.56215,     0.56081,     0.56027,     0.55989,
            0.55913,     0.55857,     0.55841,     0.55754,     0.55718,     0.55692,     0.55655,      0.5562,     0.55543,     0.55506,     0.55469,     0.55394,     0.55322,     0.55305,     0.55273,     0.55246,     0.55201,     0.55118,     0.55064,     0.55035,     0.54938,     0.54911,     0.54836,
            0.54782,     0.54734,      0.5465,      0.5465,     0.54617,     0.54613,     0.54605,     0.54576,     0.54576,     0.54553,     0.54426,     0.54394,     0.54338,     0.54287,     0.54241,     0.54184,     0.54151,     0.54131,     0.54064,     0.53954,     0.53943,     0.53902,     0.53876,
            0.53823,     0.53716,     0.53696,      0.5367,     0.53609,     0.53609,     0.53585,     0.53523,     0.53461,      0.5346,     0.53422,     0.53348,     0.53303,     0.53237,     0.53237,     0.53199,      0.5311,     0.53089,     0.53009,     0.52904,     0.52818,      0.5278,     0.52769,
            0.52757,     0.52753,      0.5258,     0.52455,     0.52418,     0.52411,      0.5234,       0.523,     0.52221,     0.52195,     0.52158,     0.52107,     0.52082,     0.51972,     0.51944,     0.51875,     0.51737,      0.5167,     0.51628,     0.51563,     0.51505,     0.51415,     0.51219,
            0.51195,     0.51153,     0.51153,     0.51128,     0.51079,     0.51047,      0.5099,      0.5093,      0.5093,     0.50893,     0.50893,     0.50867,      0.5076,     0.50718,     0.50687,     0.50634,     0.50632,     0.50558,     0.50558,     0.50535,     0.50438,     0.50344,     0.50223,
            0.50223,     0.50223,     0.50192,     0.50097,     0.50072,     0.49994,     0.49913,     0.49875,     0.49851,     0.49782,     0.49702,     0.49702,     0.49682,     0.49655,      0.4961,     0.49442,     0.49277,     0.49137,     0.49111,     0.49044,     0.48988,     0.48961,     0.48921,
            0.48857,     0.48769,     0.48749,     0.48689,     0.48612,     0.48546,     0.48525,      0.4843,     0.48368,     0.48269,     0.48214,     0.48144,      0.4814,      0.4814,     0.48065,     0.48006,     0.47962,     0.47923,     0.47879,     0.47853,     0.47778,     0.47693,     0.47644,
            0.47582,      0.4748,      0.4747,     0.47449,     0.47419,       0.474,     0.47344,     0.47288,     0.47197,     0.47101,     0.46987,     0.46899,     0.46852,     0.46808,     0.46754,     0.46741,     0.46728,     0.46614,      0.4654,     0.46537,     0.46421,     0.46308,     0.46263,
            0.46043,     0.45949,     0.45924,     0.45787,     0.45685,     0.45685,     0.45685,      0.4566,      0.4561,     0.45545,     0.45505,     0.45419,     0.45301,     0.45238,     0.45201,     0.45186,     0.45064,      0.4496,     0.44928,     0.44832,      0.4475,     0.44568,     0.44568,
            0.44517,     0.44461,     0.44386,     0.44265,     0.44204,     0.44031,      0.4401,      0.4395,     0.43908,     0.43731,     0.43596,     0.43564,     0.43455,     0.43324,     0.43296,     0.43275,     0.43084,     0.42961,     0.42932,     0.42913,      0.4278,     0.42746,     0.42673,
            0.42502,     0.42392,     0.42294,     0.42258,      0.4218,     0.42133,     0.42076,     0.41989,     0.41966,     0.41912,     0.41822,      0.4169,      0.4164,     0.41515,     0.41431,       0.413,     0.41243,     0.41189,     0.41116,     0.40983,       0.409,      0.4077,     0.40625,
            0.40501,     0.40393,     0.40272,     0.40163,     0.40103,     0.40075,     0.40008,     0.39942,     0.39859,     0.39583,     0.39509,     0.39443,     0.39354,     0.39302,     0.39216,     0.39151,     0.39041,     0.38887,     0.38811,     0.38626,     0.38517,     0.38467,     0.38239,
            0.38113,     0.38046,      0.3801,     0.37847,     0.37698,     0.37528,      0.3745,     0.37312,     0.37226,     0.37097,     0.36898,     0.36756,     0.36625,      0.3658,     0.36483,     0.36428,     0.36268,     0.36083,     0.35955,     0.35739,     0.35619,     0.35473,     0.35347,
            0.35106,      0.3497,     0.34846,     0.34635,     0.34605,     0.34337,      0.3419,     0.33891,     0.33725,      0.3343,     0.33278,     0.32994,     0.32851,     0.32794,     0.32775,     0.32623,     0.32589,     0.32424,     0.32263,     0.32229,     0.32092,     0.32068,     0.31758,
             0.3151,     0.31375,     0.31221,      0.3114,     0.30915,     0.30804,     0.30632,     0.30325,     0.30058,     0.29947,     0.29752,     0.29631,     0.29495,     0.29315,     0.29163,     0.28924,     0.28814,     0.28758,     0.28646,     0.28646,     0.28579,     0.28401,     0.28296,
            0.28175,     0.28011,      0.2787,     0.27837,     0.27633,     0.27383,     0.27281,     0.27004,     0.26778,     0.26712,     0.26523,     0.26377,      0.2617,     0.25856,     0.25554,     0.25403,     0.25121,     0.25003,     0.24738,     0.24551,     0.24256,     0.24069,     0.23917,
            0.23598,     0.23376,     0.22928,       0.228,     0.22709,     0.22517,     0.22223,     0.21942,     0.21784,      0.2159,     0.21404,     0.21269,     0.21064,      0.2095,     0.20925,     0.20897,     0.20706,     0.20475,     0.20293,     0.20194,     0.19905,      0.1986,     0.19765,
             0.1969,     0.19499,     0.19359,     0.19257,     0.19142,     0.18953,     0.18625,     0.18388,     0.18238,     0.17961,     0.17862,     0.17647,     0.17405,     0.17355,     0.17217,     0.17052,     0.16647,      0.1654,     0.16301,     0.16109,     0.15849,     0.15566,     0.15385,
            0.15333,      0.1504,     0.14666,     0.14391,      0.1406,     0.13944,      0.1375,     0.13542,      0.1338,     0.13193,     0.12953,     0.12816,     0.12589,     0.12244,     0.11956,     0.11727,     0.11467,      0.1131,     0.11094,     0.10919,     0.10648,     0.10272,     0.10015,
           0.098678,    0.095932,    0.092448,    0.090836,      0.0882,    0.086067,     0.08346,    0.081049,    0.080014,    0.077004,    0.075174,    0.071558,    0.069538,    0.067426,    0.065048,    0.061813,    0.058795,    0.056926,    0.054962,    0.053115,    0.051339,    0.050657,    0.049486,
           0.045591,    0.042242,    0.041206,    0.039763,    0.038034,    0.037146,    0.036499,    0.034428,    0.033627,    0.031405,     0.02959,    0.027902,    0.027392,     0.02648,    0.024697,    0.022457,    0.021205,    0.020356,    0.019548,    0.018751,    0.017737,    0.016983,     0.01592,
           0.015203,    0.014041,    0.013765,    0.012913,    0.012387,     0.01145,    0.010894,   0.0094808,   0.0091565,   0.0089429,    0.008089,   0.0076945,   0.0074517,   0.0064451,   0.0059577,   0.0057255,   0.0051737,   0.0048728,   0.0044442,   0.0041334,   0.0038119,   0.0035736,    0.003369,
          0.0026971,   0.0024072,   0.0018459,   0.0017123,   0.0015788,   0.0014386,   0.0012842,   0.0011298,   0.0011161,   0.0011161,   0.0011161,   0.0010384,  0.00072787,  0.00066669,   0.0006055,  0.00054432,  0.00048313,  0.00042195,           0,           0,           0,           0,           0,
                  0,           0,           0,           0,           0,           0,           0,           0,           0,           0,           0,           0,           0,           0,           0,           0,           0,           0,           0,           0,           0,           0,           0,
                  0,           0,           0,           0,           0,           0,           0,           0,           0,           0,           0,           0,           0,           0,           0,           0,           0,           0,           0,           0,           0,           0,           0,
                  0,           0,           0,           0,           0,           0,           0,           0,           0,           0,           0,           0,           0,           0,           0,           0,           0,           0,           0,           0,           0,           0,           0,
                  0,           0,           0,           0,           0,           0,           0,           0,           0,           0,           0,           0,           0,           0,           0,           0,           0,           0,           0,           0,           0,           0,           0,
                  0,           0,           0,           0,           0,           0,           0,           0,           0,           0,           0,           0,           0,           0,           0,           0,           0,           0,           0,           0,           0,           0,           0,
                  0,           0,           0,           0,           0,           0,           0,           0,           0,           0,           0,           0,           0,           0,           0,           0,           0,           0,           0,           0,           0,           0,           0,
                  0,           0,           0,           0,           0,           0,           0,           0,           0,           0,           0]]), 'Confidence', 'Recall']]
fitness: 0.2517315142335327
keys: ['metrics/precision(B)', 'metrics/recall(B)', 'metrics/mAP50(B)', 'metrics/mAP50-95(B)']
maps: array([    0.25173])
names: {0: 'item'}
nt_per_class: array([2688])
nt_per_image: array([681])
results_dict: {'metrics/precision(B)': 0.7633696394077463, 'metrics/recall(B)': 0.6633184523809523, 'metrics/mAP50(B)': 0.7243569014411204, 'metrics/mAP50-95(B)': 0.2517315142335327, 'fitness': 0.2517315142335327}
save_dir: WindowsPath('C:/Users/jonas/source/repos/school/cvi/runs/detect/validate/validation_ir_animal_detection-2')
speed: {'preprocess': 4.434024156907048, 'inference': 15.141396626343703, 'loss': 0.0005369769049841062, 'postprocess': 0.12585438578043953}
stats: {'tp': [], 'conf': [], 'pred_cls': [], 'target_cls': [], 'target_img': []}